role,company,type,category,women_focused,pay,location,description,requirements,source_url,date_scraped
Front End Software Engineer,Jane Street,Full-Time,Quantitative Development,No,,"New York, New York, United States","We’re looking for a software engineer who is passionate about front-end development, user-interface design, and typed functional programming. You would take part in the design and implementation of our next-generation of browser-based tools for operating our trading infrastructure. We’re building for expert users, which means we want to maintain a high UX bar, and at the same time create tools that are flexible and powerful enough to satisfy the needs of deeply engaged users. Beyond working on the individual tools, we want someone who can find opportunities to create libraries and abstractions that capture common interaction idioms, and to sharpen our development practices and firm-wide approach to UI development.","A strong background in web technologies, including browser fundamentals like CSS and the DOM, and an understanding of the principles of UI frameworks like Vue, Angular, React, and Flutter. | Practical experience building sophisticated UIs in the browser. We’re looking for someone who loves the detailed polishing that’s needed to build elegant and highly usable UIs. | An interest in and appreciation of typed functional programming as an approach to UI construction. Experience with languages like Elm, ReasonML, Purescript, and Typescript is a plus. (we don’t expect experience in OCaml in particular.) | The role will provide opportunities to work in multiple parts of the stack, including front-ends, back-ends, middleware, and databases. The job will also involve working closely with traders and other end-users to better understand their needs. | If you're a recruiting agency and want to…",https://job-boards.greenhouse.io/janestreet/jobs/6184529002,2026-07-22
Front End Software Engineer,Jane Street,Full-Time,Quantitative Development,No,,"London, England, United Kingdom","We’re looking for a software engineer who is passionate about front-end development, user-interface design, and typed functional programming. You would take part in the design and implementation of our next-generation of browser-based tools for operating our trading infrastructure. We’re building for expert users, which means we want to maintain a high UX bar, and at the same time create tools that are flexible and powerful enough to satisfy the needs of deeply engaged users. Beyond working on the individual tools, we want someone who can find opportunities to create libraries and abstractions that capture common interaction idioms, and to sharpen our development practices and firm-wide approach to UI development.","A strong background in web technologies, including browser fundamentals like CSS and the DOM, and an understanding of the principles of UI frameworks like Vue, Angular, React, and Flutter | Practical experience building sophisticated UIs in the browser. We’re looking for someone who loves the detailed polishing that’s needed to build elegant and highly usable UIs | An interest in and appreciation of typed functional programming as an approach to UI construction. Experience with languages like Elm, ReasonML, Purescript, and Typescript is a plus (we don’t expect experience in OCaml in particular.) | The role will provide opportunities to work in multiple parts of the stack, including front-ends, back-ends, middleware, and databases. The job will also involve working closely with traders and other end-users to better understand their needs.",https://job-boards.greenhouse.io/janestreet/jobs/6236002002,2026-07-22
Machine Learning Researcher,Jane Street,Full-Time,Quantitative Research,No,,"London, England, United Kingdom","We’re looking for smart and curious individuals to join our growing team and drive our ML work. On our Machine Learning team, you'll build the deep learning models that power our trading strategies, supported by our rapidly growing computing cluster with tens of thousands of high-end GPUs. Trading poses unusual challenges— large models and nonstationary datasets in a competitive multi-agent environment—that force us to search for novel techniques. At Jane Street, our researchers, engineers and traders sit a few feet away from each other and work together to train models, architect systems and run trading strategies. Depending on the day, we might be diving deep into market data, tuning hyperparameters, debugging distributed training performance or studying how our model likes to trade in production. We’ll rely on your in-depth knowledge of the machine learning landscape and…","If you’ve never thought about a career in finance, you’re in good company. Many of us were in the same position before working here. If you have a curious mind and a passion for solving interesting problems, we have a feeling you’ll fit right in. There’s no fixed set of skills we are looking for, but you should bring: | Practical experience working on empirical ML problems | The ability to apply logical and mathematical thinking to all kinds of problems | Intellectual curiosity and excitement about state-of-the-art research across many ML problem domains | Fluency with a versatile set of models and tricks | The hands-on coding skills needed to rapidly implement and iterate on your ideas, in Python and your favourite ML framework | An eagerness to ask questions, admit mistakes and learn new things | Fluency in English | If you’d like to learn more, you can read about our interview…",https://job-boards.greenhouse.io/janestreet/jobs/8576931002,2026-07-22
Machine Learning Researcher,Jane Street,Full-Time,Quantitative Research,No,,"Hong Kong, Hong Kong","We’re looking for smart and curious individuals from industry and academia to join our growing team and drive our ML work. On our Machine Learning team, you'll build the deep learning models that power our trading strategies, supported by our rapidly growing computing cluster with tens of thousands of high-end GPUs. Trading poses unusual challenges— large models and nonstationary datasets in a competitive multi-agent environment—that force us to search for novel techniques. Researchers, engineers and traders sit a few feet away from each other and work together to train models, architect systems and run trading strategies. Depending on the day, we might be diving deep into market data, tuning hyperparameters, debugging distributed training performance or studying how our model likes to trade in production. We’ll rely on your in-depth knowledge of the machine learning landscape and…","If you’ve never thought about a career in finance, you’re in good company. Many of us were in the same position before working here. If you have a curious mind and a passion for solving interesting problems, we have a feeling you’ll fit right in. There’s no fixed set of skills we are looking for, but you should bring: | Practical experience working on empirical ML problems | The ability to apply logical and mathematical thinking to all kinds of problems | Intellectual curiosity and excitement about state-of-the-art research across many ML problem domains | Fluency with a versatile set of models and tricks | The hands-on coding skills needed to rapidly implement and iterate on your ideas, in Python and your favourite ML framework | An eagerness to ask questions, admit mistakes and learn new things | Fluency in English required | If you're a recruiting agency and want to partner with us,…",https://job-boards.greenhouse.io/janestreet/jobs/7246309002,2026-07-22
Machine Learning Researcher,Jane Street,Full-Time,Quantitative Research,No,,"New York, New York, United States","Our goals are to give you a real sense of what it’s like to work at Jane Street as a Machine Learning Researcher while also providing a truly unparalleled educational experience. You’ll work side by side with experienced ML Researchers on projects that we’ve selected for their combination of novel ML ideas and relevance to real-world systematic trading strategies. You'll learn how we think about markets through challenging classes and activities, and practice using established methods alongside our own unique twists to train practical models. At Jane Street, the lines between research, technology, and trading are intentionally blurry, and you'll have access to petabytes of data, a computing cluster with hundreds of thousands of cores, and a growing GPU cluster containing thousands of high-end GPUs. Trading poses unusual challenges—large models and nonstationary datasets in a competitive…","If you’ve never thought about a career in finance, you’re in good company. Many of us were in the same position before working here. If you have a curious mind and a passion for solving interesting problems, we have a feeling you’ll fit right in. We're more interested in how you think and learn than what you currently know. You should be: | An undergraduate, PhD student, or postdoc with practical experience working on ML problems | Interested in applying logical and mathematical thinking to all kinds of problems | Curious about the machine learning landscape and excited to apply state-of-the-art techniques drawn from many problem domains | Fluent with a versatile set of models and tricks | Able to rapidly implement and iterate on your ideas in Python and your favorite ML framework | Eager to ask questions, admit mistakes, and learn new things | If you’d like to learn more, you can read…",https://job-boards.greenhouse.io/janestreet/jobs/8384490002,2026-07-22
Machine Learning Researcher,Jane Street,Full-Time,Quantitative Research,No,,"New York, New York, United States","We’re looking for smart and curious individuals to join our growing team and drive our ML work. On our Machine Learning team, you'll build the deep learning models that power our trading strategies, supported by our rapidly growing computing cluster with tens of thousands of high-end GPUs. Trading poses unusual challenges—large models and nonstationary datasets in a competitive multi-agent environment—that force us to search for novel techniques. At Jane Street, our researchers, engineers, and traders sit a few feet away from each other and work together to train models, architect systems, and run trading strategies. Depending on the day, we might be diving deep into market data, tuning hyperparameters, debugging distributed training performance, or studying how our model likes to trade in production. We’ll rely on your in-depth knowledge of the machine learning landscape and…","If you’ve never thought about a career in finance, you’re in good company. Many of us were in the same position before working here. If you have a curious mind and a passion for solving interesting problems, we have a feeling you’ll fit right in. There’s no fixed set of skills we are looking for, but you should bring: | Practical experience working on empirical ML problems | An ability to apply logical and mathematical thinking to all kinds of problems | Intellectual curiosity and excitement about state-of-the-art research across many ML problem domains | Fluency with a versatile set of models and tricks | The hands-on coding skills needed to rapidly implement and iterate on your ideas in Python and your favorite ML framework | An eagerness to ask questions, admit mistakes, and learn new things | If you're a recruiting agency and want to partner with us, please reach out to…",https://job-boards.greenhouse.io/janestreet/jobs/4276720002,2026-07-22
Machine Learning Researcher,Jane Street,Full-Time,Quantitative Research,No,,"Hong Kong, Hong Kong","Our goals are to give you a real sense of what it’s like to work at Jane Street full time as a Machine Learning Researcher, and a truly unparalleled educational experience. You’ll work side by side with experienced ML Researchers on projects that we’ve selected for their combination of novel ML ideas and relevance to real-world systematic trading strategies. You'll learn how we think about markets through challenging classes and activities, and practice using established methods alongside our own unique twists to train practical models. At Jane Street, the lines between research, technology, and trading are intentionally blurry. As our strategies grow more sophisticated, close collaboration is essential for continuing to push the boundaries of what’s possible. We work with petabytes of data, a computing cluster with hundreds of thousands of cores, and a growing GPU cluster containing…","If you’ve never thought about a career in finance, you’re in good company. Many of us were in the same position before working here. If you have a curious mind and a passion for solving interesting problems, we have a feeling you’ll fit right in. You should be: | A PhD student or postdoc working on empirical ML research problems, or someone with equivalent research experience | Interested in applying logical and mathematical thinking to all kinds of problems | Curious about the machine learning landscape and excited to apply state-of-the-art techniques drawn from many problem domains | Fluent with a versatile set of models and tricks | Able to rapidly implement and iterate on your ideas in Python and your favorite ML framework | Eager to ask questions, admit mistakes, and learn new things | Fluent in English | If you’d like to learn more, you can read about our interview process and…",https://job-boards.greenhouse.io/janestreet/jobs/8374335002,2026-07-22
Machine Learning Researcher,Jane Street,Full-Time,Quantitative Research,No,,"New York, New York, United States","We’re looking for smart and curious individuals to join our growing team and drive our ML work. On our Machine Learning team, you'll build the deep learning models that power our trading strategies, supported by our rapidly growing computing cluster with tens of thousands of high-end GPUs. Trading poses unusual challenges—large models and nonstationary datasets in a competitive multi-agent environment—that force us to search for novel techniques. At Jane Street, our researchers, engineers, and traders sit a few feet away from each other and work together to train models, architect systems, and run trading strategies. Depending on the day, we might be diving deep into market data, tuning hyperparameters, debugging distributed training performance, or studying how our model likes to trade in production. We’ll rely on your in-depth knowledge of the machine learning landscape and…","If you’ve never thought about a career in finance, you’re in good company. Many of us were in the same position before working here. If you have a curious mind and a passion for solving interesting problems, we have a feeling you’ll fit right in. There’s no fixed set of skills we are looking for, but you should bring: | Practical experience working on empirical ML problems | The ability to apply logical and mathematical thinking to all kinds of problems | Intellectual curiosity and excitement about state-of-the-art research across many ML problem domains | Fluency with a versatile set of models and tricks | The hands-on coding skills needed to rapidly implement and iterate on your ideas, in Python and your favorite ML framework | An eagerness to ask questions, admit mistakes, and learn new things | If you’d like to learn more, you can read about our interview process and meet some of…",https://job-boards.greenhouse.io/janestreet/jobs/8576928002,2026-07-22
Machine Learning Researcher,Jane Street,Full-Time,Quantitative Research,No,,"London, England, United Kingdom","We’re looking for smart and curious individuals from industry and academia to join our growing team and drive our ML work. On our Machine Learning team, you'll build the deep learning models that power our trading strategies, supported by our rapidly growing computing cluster with tens of thousands of high-end GPUs. Trading poses unusual challenges— large models and nonstationary datasets in a competitive multi-agent environment—that force us to search for novel techniques. Researchers, engineers and traders sit a few feet away from each other and work together to train models, architect systems and run trading strategies. Depending on the day, we might be diving deep into market data, tuning hyperparameters, debugging distributed training performance or studying how our model likes to trade in production. We’ll rely on your in-depth knowledge of the machine learning landscape and…","If you’ve never thought about a career in finance, you’re in good company. Many of us were in the same position before working here. If you have a curious mind and a passion for solving interesting problems, we have a feeling you’ll fit right in. There’s no fixed set of skills we are looking for, but you should bring: | Practical experience working on empirical ML problems | The ability to apply logical and mathematical thinking to all kinds of problems | Intellectual curiosity and excitement about state-of-the-art research across many ML problem domains | Fluency with a versatile set of models and tricks | The hands-on coding skills needed to rapidly implement and iterate on your ideas, in Python and your favourite ML framework | An eagerness to ask questions, admit mistakes and learn new things | Fluency in English | If you're a recruiting agency and want to partner with us, please…",https://job-boards.greenhouse.io/janestreet/jobs/7246339002,2026-07-22
Machine Learning Researcher,Jane Street,Full-Time,Quantitative Research,No,,"Hong Kong, Hong Kong","We’re looking for smart and curious individuals to join our growing team and drive our ML work. On our Machine Learning team, you'll build the deep learning models that power our trading strategies, supported by our rapidly growing computing cluster with tens of thousands of high-end GPUs. Trading poses unusual challenges— large models and nonstationary datasets in a competitive multi-agent environment—that force us to search for novel techniques. At Jane Street, our researchers, engineers and traders sit a few feet away from each other and work together to train models, architect systems and run trading strategies. Depending on the day, we might be diving deep into market data, tuning hyperparameters, debugging distributed training performance or studying how our model likes to trade in production. We’ll rely on your in-depth knowledge of the machine learning landscape and…","If you’ve never thought about a career in finance, you’re in good company. Many of us were in the same position before working here. If you have a curious mind and a passion for solving interesting problems, we have a feeling you’ll fit right in. There’s no fixed set of skills we are looking for, but you should bring: | Practical experience working on empirical ML problems | The ability to apply logical and mathematical thinking to all kinds of problems | Intellectual curiosity and excitement about state-of-the-art research across many ML problem domains | Fluency with a versatile set of models and tricks | The hands-on coding skills needed to rapidly implement and iterate on your ideas, in Python and your favourite ML framework | An eagerness to ask questions, admit mistakes and learn new things | Fluency in English | If you’d like to learn more, you can read about our interview…",https://job-boards.greenhouse.io/janestreet/jobs/8576934002,2026-07-22
MacOS Software Engineer,Jane Street,Full-Time,Quantitative Development,No,,"New York, New York, United States","We're looking for an experienced Software Engineer with deep macOS software experience who is also willing to work in other languages and on other platforms. In this role, you’ll help build and maintain macOS internal applications and services used by our colleagues across the firm. Our macOS footprint is growing, and we want someone who can lead on the platform side of that work—both through hands-on development and guiding the rest of the team around what's reasonable to build, and how to build it well. The work ranges from user-facing applications to lower-level system work and interfacing with the backend services that support it. While macOS and Swift will be your area of focus, you won't be pigeonholed there—you’ll also receive training to work in OCaml. Much of what our team owns is cross-platform, and you'll contribute to services and applications across a variety of languages…","Have significant professional experience building and shipping macOS applications, and strong expertise in the Apple ecosystem | Have a strong working knowledge of Swift, and are comfortable reading and modifying Objective-C where it comes up | Have a deep understanding of how macOS actually works end-to-end: how multi-component applications are structured, how applications interact with the operating system, how software is packaged and delivered, and how apps behave in a managed environment | Experienced in building and shipping user interfaces on macOS with SwiftUI, AppKit, or both | Familiar with modern dev tooling for the Apple platform, including CI/CD, automated builds, code signing, and notarization | You understand how managed macOS environments work in practice, or have a genuine interest in learning | Interested in contributing outside your primary expertise—we cover a broad…",https://job-boards.greenhouse.io/janestreet/jobs/8555588002,2026-07-22
Quantitative Researcher,Jane Street,Full-Time,Quantitative Research,No,,"Hong Kong, Hong Kong","We are looking for Quantitative Researchers to help us build models, strategies, and systems that price and trade financial instruments. You’ll work side by side with experienced researchers who are committed to teaching, guiding, and supporting our newest hires, learning how we think about experiment design, dataset generation, time series analysis, feature engineering, and model building for financial datasets. At Jane Street, our researchers, engineers, and traders sit a few feet away from each other and work together to train models, architect systems, and run trading strategies. We work with petabytes of data, a computing cluster with hundreds of thousands of cores, and a growing GPU cluster containing thousands of high-end GPUs. Depending on the day, we might be diving deep into market data, tuning hyperparameters, debugging distributed training performance, or studying how our…","If you’ve never thought about a career in finance, you’re in good company. Many of us were in the same position before working here. If you have a curious mind and a passion for solving interesting problems, we have a feeling you’ll fit right in. You should be: | Able to apply logical and mathematical thinking to all kinds of problems | Intellectually curious; eager to ask questions, admit mistakes, and learn new things | A strong programmer who’s comfortable with Python | An open-minded thinker and precise communicator who enjoys collaborating with colleagues from a wide range of backgrounds and areas of expertise | Fluent in English | Most candidates will have experience with data science or machine learning, but ultimately, we’re more interested in how you think and learn, than what you currently know. PhD or other research experience is a plus. | If you’d like to learn more, you can…",https://job-boards.greenhouse.io/janestreet/jobs/8071941002,2026-07-22
Quantitative Researcher,Jane Street,Full-Time,Quantitative Research,No,,"Hong Kong, Hong Kong","We are looking for Quantitative Researchers to help us build models, strategies and systems that price and trade financial instruments. You'll apply your experience in experiment design, dataset generation, time series analysis, feature engineering and model building to financial datasets, while collaborating with colleagues who will challenge and refine your approach. At Jane Street, our researchers, engineers and traders sit a few feet away from each other and work together to train models, architect systems and run trading strategies. We work with petabytes of data and a growing GPU cluster containing tens of thousands of high-end GPUs. Depending on the day, we might be diving deep into market data, tuning hyperparameters, debugging distributed training performance or studying how our model likes to trade in production. We don’t believe in “one-size-fits-all” modelling solutions; we…","If you’ve never thought about a career in finance, you’re in good company. Many of us were in the same position before working here. If you have a curious mind and a passion for solving interesting problems, we have a feeling you’ll fit right in. You should be: | Able to apply logical and mathematical thinking to all kinds of problems | Intellectually curious; eager to ask questions, admit mistakes and learn new things | A strong programmer who’s comfortable with Python | An open-minded thinker and precise communicator who enjoys collaborating with colleagues from a wide range of backgrounds and areas of expertise | Fluent in English | If you're a recruiting agency and want to partner with us, please reach out to agency-partnerships@janestreet.com.",https://job-boards.greenhouse.io/janestreet/jobs/7514485002,2026-07-22
Quantitative Researcher,Jane Street,Full-Time,Quantitative Research,No,,"London, England, United Kingdom","We are looking for Quantitative Researchers to help us build models, strategies and systems that price and trade financial instruments. You'll apply your experience in experiment design, dataset generation, time series analysis, feature engineering and model building to financial datasets, while collaborating with colleagues who will challenge and refine your approach. At Jane Street, our researchers, engineers and traders sit a few feet away from each other and work together to train models, architect systems and run trading strategies. We work with petabytes of data and a growing GPU cluster containing tens of thousands of high-end GPUs. Depending on the day, we might be diving deep into market data, tuning hyperparameters, debugging distributed training performance or studying how our model likes to trade in production. We don’t believe in “one-size-fits-all” modelling solutions; we…","If you’ve never thought about a career in finance, you’re in good company. Many of us were in the same position before working here. If you have a curious mind and a passion for solving interesting problems, we have a feeling you’ll fit right in. You should be: | Able to apply logical and mathematical thinking to all kinds of problems | Intellectually curious; eager to ask questions, admit mistakes and learn new things | A strong programmer who’s comfortable with Python | An open-minded thinker and precise communicator who enjoys collaborating with colleagues from a wide range of backgrounds and areas of expertise | Fluent in English | Most candidates will have experience with data science or machine learning, though your approach to problem-solving and capacity to learn will weigh just as heavily as your existing expertise. Having a PhD or other research experience is a plus. | If…",https://job-boards.greenhouse.io/janestreet/jobs/4808264002,2026-07-22
Quantitative Researcher,Jane Street,Full-Time,Quantitative Research,No,,"New York, New York, United States","We are looking for Quantitative Researchers to help us build models, strategies, and systems that price and trade financial instruments. You’ll work side by side with experienced researchers who are committed to teaching, guiding, and supporting our newest hires, learning how we think about experiment design, dataset generation, time series analysis, feature engineering, and model building for financial datasets. At Jane Street, our researchers, engineers, and traders sit a few feet away from each other and work together to train models, architect systems, and run trading strategies. We work with petabytes of data, a computing cluster with hundreds of thousands of cores, and a growing GPU cluster containing tens of thousands of high-end GPUs. Depending on the day, we might be diving deep into market data, tuning hyperparameters, debugging distributed training performance, or studying…","If you’ve never thought about a career in finance, you’re in good company. Many of us were in the same position before working here. If you have a curious mind and a passion for solving interesting problems, we have a feeling you’ll fit right in. You should be: | Able to apply logical and mathematical thinking to all kinds of problems | Intellectually curious; eager to ask questions, admit mistakes, and learn new things | A strong programmer who’s comfortable with Python | An open-minded thinker and precise communicator who enjoys collaborating with colleagues from a wide range of backgrounds and areas of expertise | Most candidates will have experience with data science or machine learning, but ultimately, we’re more interested in how you think and learn, than what you currently know. PhD or other research experience is a plus. | If you’d like to learn more, you can read about our…",https://job-boards.greenhouse.io/janestreet/jobs/8573726002,2026-07-22
Quantitative Researcher,Jane Street,Full-Time,Quantitative Research,No,,"New York, New York, United States","We are looking for Quantitative Researchers to help us build models, strategies, and systems that price and trade financial instruments. You'll apply your experience in experiment design, dataset generation, time series analysis, feature engineering, and model building to financial datasets, while collaborating with colleagues who will challenge and refine your approach. At Jane Street, our researchers, engineers, and traders sit a few feet away from each other and work together to train models, architect systems, and run trading strategies. We work with petabytes of data and a growing GPU cluster containing tens of thousands of high-end GPUs. Depending on the day, we might be diving deep into market data, tuning hyperparameters, debugging distributed training performance, or studying how our model likes to trade in production. We don’t believe in “one-size-fits-all” modeling solutions;…","If you’ve never thought about a career in finance, you’re in good company. Many of us were in the same position before working here. If you have a curious mind and a passion for solving interesting problems, we have a feeling you’ll fit right in. You should be: | Able to apply logical and mathematical thinking to all kinds of problems | Intellectually curious; eager to ask questions, admit mistakes, and learn new things | A strong programmer who’s comfortable with Python | An open-minded thinker and precise communicator who enjoys collaborating with colleagues from a wide range of backgrounds and areas of expertise | Most candidates will have experience with data science or machine learning, though your approach to problem-solving and capacity to learn will weigh just as heavily as your existing expertise. Having a PhD or other research experience is a plus. | If you're a recruiting…",https://job-boards.greenhouse.io/janestreet/jobs/6302325002,2026-07-22
Quantitative Researcher,Jane Street,Full-Time,Quantitative Research,No,,"London, England, United Kingdom","We are looking for Quantitative Researchers to help us build models, strategies, and systems that price and trade financial instruments. You’ll work side by side with experienced researchers who are committed to teaching, guiding, and supporting our newest hires, learning how we think about experiment design, dataset generation, time series analysis, feature engineering, and model building for financial datasets. At Jane Street, our researchers, engineers, and traders sit a few feet away from each other and work together to train models, architect systems, and run trading strategies. We work with petabytes of data, a computing cluster with hundreds of thousands of cores, and a growing GPU cluster containing tens of thousands of high-end GPUs. Depending on the day, we might be diving deep into market data, tuning hyperparameters, debugging distributed training performance, or studying…","If you’ve never thought about a career in finance, you’re in good company. Many of us were in the same position before working here. If you have a curious mind and a passion for solving interesting problems, we have a feeling you’ll fit right in. You should be: | Able to apply logical and mathematical thinking to all kinds of problems | Intellectually curious; eager to ask questions, admit mistakes, and learn new things | A strong programmer who’s comfortable with Python | An open-minded thinker and precise communicator who enjoys collaborating with colleagues from a wide range of backgrounds and areas of expertise | Fluent in English | Most candidates will have experience with data science or machine learning, but ultimately, we’re more interested in how you think and learn, than what you currently know. PhD or other research experience is a plus. | If you’d like to learn more, you can…",https://job-boards.greenhouse.io/janestreet/jobs/8092053002,2026-07-22
Quantitative Researcher,Jane Street,Full-Time,Quantitative Research,No,,"Hong Kong, Hong Kong","Our goals are to give you a real sense of what it's like to work as a Quantitative Researcher at Jane Street while also providing a truly unparalleled educational experience. You'll work side by side with our experienced Quantitative Researchers to learn how we identify market signals, analyze large datasets, build and test models, and create new trading strategies. At Jane Street, the lines between research, technology, and trading are intentionally blurry, and you’ll have access to petabytes of data, a computing cluster with hundreds of thousands of cores, and a growing GPU cluster containing tens of thousands of high-end GPUs. We don’t believe in “one-size-fits-all” modeling solutions; we are open to and excited about applying all different types of statistical and ML techniques, from linear models to deep learning, depending on what best fits a given problem. You'll spend the bulk…","If you've never thought about a career in finance, you're in good company. Many of us were in the same position before working here. Most candidates will have experience with data science or machine learning, but ultimately, we're more interested in how you think and learn than what you currently know. You should be: | Able to apply logical and mathematical thinking to all kinds of problems | Intellectually curious; eager to ask questions, admit mistakes, and learn new things | A strong programmer who's comfortable with Python | An open-minded thinker and precise communicator who enjoys collaborating with colleagues from a wide range of backgrounds and areas of expertise | Fluent in English | Most interns are current undergraduate or graduate students, but we also welcome applicants who have already graduated and are considering a new career in finance. Research experience is a plus. |…",https://job-boards.greenhouse.io/janestreet/jobs/8623868002,2026-07-22
Quantitative Researcher,Jane Street,Full-Time,Quantitative Research,No,,"Hong Kong, Hong Kong","Our goals are to give you a real sense of what it's like to work as a Quantitative Researcher at Jane Street while also providing a truly unparalleled educational experience. You'll work side by side with our experienced Quantitative Researchers to learn how we identify market signals, analyze large datasets, build and test models, and create new trading strategies. At Jane Street, the lines between research, technology, and trading are intentionally blurry, and you’ll have access to petabytes of data, a computing cluster with hundreds of thousands of cores, and a growing GPU cluster containing tens of thousands of high-end GPUs. We don’t believe in “one-size-fits-all” modeling solutions; we are open to and excited about applying all different types of statistical and ML techniques, from linear models to deep learning, depending on what best fits a given problem. You'll spend the bulk…","If you've never thought about a career in finance, you're in good company. Many of us were in the same position before working here. Most candidates will have experience with data science or machine learning, but ultimately, we're more interested in how you think and learn than what you currently know. You should be: | Able to apply logical and mathematical thinking to all kinds of problems | Intellectually curious; eager to ask questions, admit mistakes, and learn new things | A strong programmer who's comfortable with Python | An open-minded thinker and precise communicator who enjoys collaborating with colleagues from a wide range of backgrounds and areas of expertise | Fluent in English | Most interns are current undergraduate or graduate students, but we also welcome applicants who have already graduated and are considering a new career in finance. Research experience is a plus. |…",https://job-boards.greenhouse.io/janestreet/jobs/8343131002,2026-07-22
Quantitative Researcher,Jane Street,Full-Time,Quantitative Research,No,,"New York, New York, United States","Our goals are to give you a real sense of what it’s like to work as a Quantitative Researcher at Jane Street while also providing a truly unparalleled educational experience. You’ll work side by side with our experienced Quantitative Researchers to learn how we identify market signals, analyze large datasets, build and test models, and create new trading strategies. At Jane Street, the lines between research, technology, and trading are intentionally blurry, and you'll have access to petabytes of data, a computing cluster with hundreds of thousands of cores, and a growing GPU cluster containing tens of thousands of high-end GPUs. We don’t believe in “one-size-fits-all” modeling solutions; we are open to and excited about applying all different types of statistical and ML techniques, from linear models to deep learning, depending on what best fits a given problem. You’ll spend the bulk…","If you’ve never thought about a career in finance, you’re in good company. Many of us were in the same position before working here. Most candidates will have experience with data science or machine learning, but ultimately, we’re more interested in how you think and learn than what you currently know. You should be: | Able to apply logical and mathematical thinking to all kinds of problems | Intellectually curious; eager to ask questions, admit mistakes, and learn new things | A strong programmer who’s comfortable with Python | An open-minded thinker and precise communicator who enjoys collaborating with colleagues from a wide range of backgrounds and areas of expertise | Most interns are current undergraduate or graduate students, but we also welcome applicants who have already graduated and are considering a new career in finance. Research experience is a plus. | If you’d like to…",https://job-boards.greenhouse.io/janestreet/jobs/8498547002,2026-07-22
Quantitative Trader,Jane Street,Full-Time,Quantitative Trading,No,,"Hong Kong, Hong Kong","Our goals are to give you a real sense of what it's like to work as a Quantitative Trader at Jane Street while also providing a truly unparalleled educational experience. You'll be paired with experienced quantitative traders who will teach you how to identify market signals, analyze and execute strategies, construct quantitative models, conduct statistical analysis, and build trading intuition. At Jane Street, the lines between research, technology, and trading are intentionally blurry, and you’ll have access to petabytes of data, a computing cluster with hundreds of thousands of cores, and a growing GPU cluster containing tens of thousands of high-end GPUs. We don't believe in ""one-size-fits-all"" modeling solutions; we are open to and excited about applying all different types of statistical and ML techniques, from linear models to deep learning, depending on what best fits a given…","If you've never thought about a career in finance, you're in good company. Many of us were in the same position before working here. If you have a curious mind, a collaborative spirit, and a passion for solving interesting problems, we have a feeling you'll fit right in. We're more interested in how you think and learn than what you currently know. You should be: | A strong quantitative thinker (no specific degree or major is required) | A clear and effective verbal and written communicator | Someone who enjoys working collaboratively on a team | Eager to ask questions, admit mistakes, and learn new things | Fluent in English | A profitable trading strategy is only as strong as the technology it runs on, and we consider ourselves as much a technology company as a trading firm. General programming experience is a plus, but knowing a particular programming language is not required. | If…",https://job-boards.greenhouse.io/janestreet/jobs/7982986002,2026-07-22
Quantitative Trader,Jane Street,Full-Time,Quantitative Trading,No,,"New York, New York, United States","Our goals are to give you a real sense of what it's like to work as a Quantitative Trader at Jane Street while also providing a truly unparalleled educational experience. You'll be paired with experienced quantitative traders who will teach you how to identify market signals, analyze and execute strategies, construct quantitative models, conduct statistical analysis, and build trading intuition. At Jane Street, the lines between research, technology, and trading are intentionally blurry, and you’ll have access to petabytes of data, a computing cluster with hundreds of thousands of cores, and a growing GPU cluster containing tens of thousands of high-end GPUs. We don't believe in ""one-size-fits-all"" modeling solutions; we are open to and excited about applying all different types of statistical and ML techniques, from linear models to deep learning, depending on what best fits a given…","If you’ve never thought about a career in finance, you’re in good company. Many of us were in the same position before working here. If you have a curious mind, a collaborative spirit, and a passion for solving interesting problems, we have a feeling you’ll fit right in. We’re more interested in how you think and learn than what you currently know. You should be: | A strong quantitative thinker (no specific degree or major is required) | A clear and effective verbal and written communicator | Someone who enjoys working collaboratively on a team | Eager to ask questions, admit mistakes, and learn new things | A profitable trading strategy is only as strong as the technology it runs on, and we consider ourselves as much a technology company as a trading firm. General programming experience is a plus, but knowing a particular programming language is not required. | If you’d like to learn…",https://job-boards.greenhouse.io/janestreet/jobs/8617344002,2026-07-22
Quantitative Trader,Jane Street,Full-Time,Quantitative Trading,No,,"London, England, United Kingdom","Our trading is based on our own proprietary models and on busy days we engage in over a million trades. Traders work in teams to seek out and trade on pricing inefficiencies, develop models, manage risk, investigate new products, and push into new business areas. Experienced Traders teach and oversee the less-experienced. New Traders serve as assistants while they learn the ropes, getting increasing responsibility as they demonstrate their ability to handle it. Technology is at the core of how we approach trading, and we consider ourselves as much a technology company as a trading firm. We use OCaml, a statically-typed functional programming language, as our primary development language, and have the largest team of OCaml Engineers in any industrial setting.","We are looking for people who have a strong quantitative mind and enjoy working collaboratively to solve challenging problems in a practical setting. Prior knowledge of finance or economics is not expected or required. Experience with particular programming languages is also not required, although generally being comfortable programming in your language of choice is a plus. Fluency in English required. | If you're a recruiting agency and want to partner with us, please reach out to agency-partnerships@janestreet.com.",https://job-boards.greenhouse.io/janestreet/jobs/4273643002,2026-07-22
Quantitative Trader,Jane Street,Full-Time,Quantitative Trading,No,,"Hong Kong, Hong Kong","At Jane Street, quantitative traders identify market signals, analyze and execute strategies, construct quantitative models, conduct statistical analyses, build algorithmic trading systems, manage risk, develop new businesses, and more. Our trading desks are central to our collaborative and cooperative office environment. You can expect to work side by side with experienced traders who are committed to teaching, guiding, and supporting our newest hires. Through hands-on, interactive training, you’ll acquire significant trading responsibilities within weeks to months of being on the desk. In parallel, you will participate in our robust year-long firmwide educational curriculum. At Jane Street, the lines between research, technology, and trading are intentionally blurry. As our strategies grow more sophisticated, close collaboration is essential for allowing us to continue pushing the…","If you’ve never thought about a career in finance, you’re in good company. Many of us were in the same position before working here. We’re looking for smart people who enjoy solving interesting problems, and we’re more interested in how you think and learn than what you currently know. You should be: | A critical thinker with a strong quantitative mind | A collaborative problem-solver who enjoys working on a team | Proactive, reliable, and courteous with strong organizational and communication skills | Eager to ask questions, admit mistakes, and learn new things | Fluent in English | A profitable trading strategy is only as strong as the technology it runs on, and we consider ourselves as much a technology company as a trading firm. General programming experience is a plus, but knowing a particular programming language is not required. | If you’d like to learn more, you can read about…",https://job-boards.greenhouse.io/janestreet/jobs/8071940002,2026-07-22
Quantitative Trader,Jane Street,Full-Time,Quantitative Trading,No,,"New York, New York, United States","Our trading is based on our own proprietary models and on busy days we engage in over a million trades. Traders work in teams to seek out and trade on pricing inefficiencies, develop models, manage risk, investigate new products, and push into new business areas. Experienced traders teach and oversee the less-experienced. New traders serve as assistants while they learn the ropes, getting increasing responsibility as they demonstrate their ability to handle it. Technology is at the core of how we approach trading, and we consider ourselves as much a technology company as a trading firm. We use OCaml, a statically-typed functional programming language, as our primary development language, and have the largest team of OCaml engineers in any industrial setting.","We are looking for people who have a strong quantitative mind and enjoy working collaboratively to solve challenging problems in a practical setting. Prior knowledge of finance or economics is not expected or required. Experience with particular programming languages is also not required, although generally being comfortable programming in your language of choice is a plus. | If you're a recruiting agency and want to partner with us, please reach out to agency-partnerships@janestreet.com.",https://job-boards.greenhouse.io/janestreet/jobs/4794171002,2026-07-22
Quantitative Trader,Jane Street,Full-Time,Quantitative Trading,No,,"Hong Kong, Hong Kong","Our trading is based on our own proprietary models and on busy days we engage in over a million trades. Traders work in teams to seek out and trade on pricing inefficiencies, develop models, manage risk, investigate new products, and push into new business areas. Experienced Traders teach and oversee the less-experienced. New Traders serve as assistants while they learn the ropes, getting increasing responsibility as they demonstrate their ability to handle it. Technology is at the core of how we approach trading, and we consider ourselves as much a technology company as a trading firm. We use OCaml, a statically-typed functional programming language, as our primary development language, and have the largest team of OCaml Engineers in any industrial setting.","We are looking for people who have a strong quantitative mind and enjoy working collaboratively to solve challenging problems in a practical setting. Prior knowledge of finance or economics is not expected or required. Experience with particular programming languages is also not required, although generally being comfortable programming in your language of choice is a plus. Fluency in English required. | If you're a recruiting agency and want to partner with us, please reach out to agency-partnerships@janestreet.com.",https://job-boards.greenhouse.io/janestreet/jobs/4839146002,2026-07-22
Quantitative Trader,Jane Street,Full-Time,Quantitative Trading,No,,"Hong Kong, Hong Kong","Our goals are to give you a real sense of what it's like to work as a Quantitative Trader at Jane Street while also providing a truly unparalleled educational experience. You'll be paired with experienced quantitative traders who will teach you how to identify market signals, analyze and execute strategies, construct quantitative models, conduct statistical analysis, and build trading intuition. At Jane Street, the lines between research, technology, and trading are intentionally blurry, and you’ll have access to petabytes of data, a computing cluster with hundreds of thousands of cores, and a growing GPU cluster containing tens of thousands of high-end GPUs. We don't believe in ""one-size-fits-all"" modeling solutions; we are open to and excited about applying all different types of statistical and ML techniques, from linear models to deep learning, depending on what best fits a given…","If you've never thought about a career in finance, you're in good company. Many of us were in the same position before working here. If you have a curious mind, a collaborative spirit, and a passion for solving interesting problems, we have a feeling you'll fit right in. We're more interested in how you think and learn than what you currently know. You should be: | A strong quantitative thinker (no specific degree or major is required) | A clear and effective verbal and written communicator | Someone who enjoys working collaboratively on a team | Eager to ask questions, admit mistakes, and learn new things | Fluent in English | A profitable trading strategy is only as strong as the technology it runs on, and we consider ourselves as much a technology company as a trading firm. General programming experience is a plus, but knowing a particular programming language is not required. | If…",https://job-boards.greenhouse.io/janestreet/jobs/8623733002,2026-07-22
Quantitative Trader,Jane Street,Full-Time,Quantitative Trading,No,,"London, England, United Kingdom","At Jane Street, quantitative traders identify market signals, analyze and execute strategies, construct quantitative models, conduct statistical analyses, build algorithmic trading systems, manage risk, develop new businesses, and more. Our trading desks are central to our collaborative and cooperative office environment. You can expect to work side by side with experienced traders who are committed to teaching, guiding, and supporting our newest hires. Through hands-on, interactive training, you’ll acquire significant trading responsibilities within weeks to months of being on the desk. In parallel, you will participate in our robust year-long firmwide educational curriculum. At Jane Street, the lines between research, technology, and trading are intentionally blurry. As our strategies grow more sophisticated, close collaboration is essential for continuing to push the boundaries of…","If you’ve never thought about a career in finance, you’re in good company. Many of us were in the same position before working here. We’re looking for smart people who enjoy solving interesting problems, and we’re more interested in how you think and learn than what you currently know. You should be: | A critical thinker with a strong quantitative mind | A collaborative problem-solver who enjoys working on a team | Proactive, reliable, and courteous with strong organizational and communication skills | Eager to ask questions, admit mistakes, and learn new things | Fluent in English | A profitable trading strategy is only as strong as the technology it runs on, and we consider ourselves as much a technology company as a trading firm. General programming experience is a plus, but knowing a particular programming language is not required. | If you’d like to learn more, you can read about…",https://job-boards.greenhouse.io/janestreet/jobs/8092062002,2026-07-22
Quantitative Trader,Jane Street,Full-Time,Quantitative Trading,No,,"New York, New York, United States","At Jane Street, quantitative traders identify market signals, analyze and execute strategies, construct quantitative models, conduct statistical analyses, build algorithmic trading systems, manage risk, develop new businesses, and more. Our trading desks are central to our collaborative and cooperative office environment. You can expect to work side by side with experienced traders who are committed to teaching, guiding, and supporting our newest hires. Through hands-on, interactive training, you’ll acquire significant trading responsibilities within weeks to months of being on the desk. In parallel, you will participate in our robust year-long firmwide educational curriculum. At Jane Street, the lines between research, technology, and trading are intentionally blurry, and you'll have access to petabytes of data, a computing cluster with hundreds of thousands of cores, and a growing GPU…","If you’ve never thought about a career in finance, you’re in good company. Many of us were in the same position before working here. We’re looking for smart people who enjoy solving interesting problems, and we’re more interested in how you think and learn than what you currently know. You should be: | A critical thinker with a strong quantitative mind | A collaborative problem-solver who enjoys working on a team | Proactive, reliable, and courteous with strong organizational and communication skills | Eager to ask questions, admit mistakes, and learn new things | A profitable trading strategy is only as strong as the technology it runs on, and we consider ourselves as much a technology company as a trading firm. General programming experience is a plus, but knowing a particular programming language is not required. | If you’d like to learn more, you can read about our interview process…",https://job-boards.greenhouse.io/janestreet/jobs/8573523002,2026-07-22
Software Engineer,Jane Street,Full-Time,Quantitative Development,No,,Singapore,"We’re looking for Software Engineers who want to help us design and build the systems and tools that run the firm. You’ll find Software Engineers in all parts of Jane Street, solving real problems in critical areas ranging from trading desks to our accounting team, as well as building foundational infrastructure, whether that means implementing network monitoring or risk models. We are big believers in functional programming and, using OCaml, a statically -typed functional programming language, as our primary tool. More recently, Python has become a vital part of Jane Street’s research and trading work, acting as the go-to language for data analysis, visualization, and machine learning. Beyond our own environment, we also recognize the value of open source software, leveraging it in our daily work and releasing over a million lines of our own code as open source. We’re also always…","We don’t expect you to have a background in functional programming, OCaml, Python, finance, or any other specific field—we’re looking for smart programmers who enjoy solving interesting problems. We’re more interested in how you think and learn than what you currently know. You should be: | A top-notch programmer with a love for technology | Intellectually curious, collaborative, and eager to learn | Humble and unafraid to ask questions and admit mistakes | If you'd like to get an idea of what we cover in our software engineering interview process, you can visit our interview prep page. | If you're a recruiting agency and want to partner with us, please reach out to agency-partnerships@janestreet.com.",https://job-boards.greenhouse.io/janestreet/jobs/8075770002,2026-07-22
Software Engineer,Jane Street,Full-Time,Quantitative Development,No,,"London, England, United Kingdom","We’re looking for Software Engineers who want to help us design and build the systems and tools that run the firm. You’ll find Software Engineers in all parts of Jane Street, solving real problems in critical areas ranging from trading desks to our accounting team, as well as building foundational infrastructure, whether that means implementing network monitoring or risk models. We are big believers in functional programming and, using OCaml, a statically -typed functional programming language, as our primary tool. More recently, Python has become a vital part of Jane Street’s research and trading work, acting as the go-to language for data analysis, visualization, and machine learning. Beyond our own environment, we also recognize the value of open source software, leveraging it in our daily work and releasing over a million lines of our own code as open source. We’re also always…","We don’t expect you to have a background in functional programming, OCaml, Python, finance, or any other specific field—we’re looking for smart programmers who enjoy solving interesting problems. We’re more interested in how you think and learn than what you currently know. You should be: | A top-notch programmer with a love for technology | Intellectually curious, collaborative, and eager to learn | Humble and unafraid to ask questions and admit mistakes | Fluent in English | If you'd like to get an idea of what we cover in our software engineering interview process, you can visit our interview prep page. | If you're a recruiting agency and want to partner with us, please reach out to agency-partnerships@janestreet.com.",https://job-boards.greenhouse.io/janestreet/jobs/8092065002,2026-07-22
Software Engineer,Jane Street,Full-Time,Quantitative Development,No,,"Hong Kong, Hong Kong","We’re looking for Software Engineers who want to help us design and build the systems and tools that run the firm. You’ll find Software Engineers in all parts of Jane Street, solving real problems in critical areas ranging from trading desks to our accounting team, as well as building foundational infrastructure, whether that means implementing network monitoring or risk models. We are big believers in functional programming and, using OCaml, a statically -typed functional programming language, as our primary tool. More recently, Python has become a vital part of Jane Street’s research and trading work, acting as the go-to language for data analysis, visualization, and machine learning. Beyond our own environment, we also recognize the value of open source software, leveraging it in our daily work and releasing over a million lines of our own code as open source. We’re also always…","We don’t expect you to have a background in functional programming, OCaml, Python, finance, or any other specific field—we’re looking for smart programmers who enjoy solving interesting problems. We’re more interested in how you think and learn than what you currently know. You should be: | A top-notch programmer with a love for technology | Intellectually curious, collaborative, and eager to learn | Humble and unafraid to ask questions and admit mistakes | Fluent in English | If you'd like to get an idea of what we cover in our software engineering interview process, you can visit our interview prep page. | If you're a recruiting agency and want to partner with us, please reach out to agency-partnerships@janestreet.com.",https://job-boards.greenhouse.io/janestreet/jobs/8140274002,2026-07-22
Software Engineer,Jane Street,Full-Time,Quantitative Development,No,,Singapore,"We're always hiring software engineers for all of our offices. Technology is at the core of how we approach our work, and engineers are intimately involved in every area of the business. We are big believers in functional programming and use OCaml, a statically typed functional programming language, as our primary tool. More recently, Python has become a vital part of Jane Street’s research and trading work, acting as the go-to language for data analysis, visualization, and machine learning. We also believe in the value of open source software, using it in our daily work and releasing over a million lines of our own code as open source.","Top-notch programming skills | Deep experience with—and love for—technology. There's no specific checklist; we use software to approach a variety of problems, so we're interested in everything from machine learning to systems administration to programming language design | Strong interpersonal skills. Software engineering at Jane Street is highly collaborative, and we are looking for people who can work effectively in small, close-knit teams | We don’t expect you to have experience with functional programming, OCaml, Python, or finance; we’re happy to hire talented engineers and teach them what they need to know. | Fluent in English | If you'd like to get an idea of what we cover in our software engineering interview process, you can visit our interview prep page. | If you're a recruiting agency and want to partner with us, please reach out to agency-partnerships@janestreet.com.",https://job-boards.greenhouse.io/janestreet/jobs/5791948002,2026-07-22
Software Engineer,Jane Street,Full-Time,Quantitative Development,No,,"Hong Kong, Hong Kong","We're always hiring software engineers for all of our offices. Technology is at the core of how we approach our work, and engineers are intimately involved in every area of the business. We are big believers in functional programming and use OCaml, a statically typed functional programming language, as our primary tool. More recently, Python has become a vital part of Jane Street’s research and trading work, acting as the go-to language for data analysis, visualization, and machine learning. We also believe in the value of open source software, using it in our daily work and releasing over a million lines of our own code as open source.","Top-notch programming skills | Deep experience with—and love for—technology. There's no specific checklist; we use software to approach a variety of problems, so we're interested in everything from machine learning to systems administration to programming language design | Strong interpersonal skills. Software engineering at Jane Street is highly collaborative, and we are looking for people who can work effectively in small, close-knit teams | We don’t expect you to have experience with functional programming, OCaml, Python, or finance; we’re happy to hire talented engineers and teach them what they need to know. | Fluent in English | If you'd like to get an idea of what we cover in our software engineering interview process, you can visit our interview prep page. | If you're a recruiting agency and want to partner with us, please reach out to agency-partnerships@janestreet.com.",https://job-boards.greenhouse.io/janestreet/jobs/4756741002,2026-07-22
Software Engineer,Jane Street,Full-Time,Quantitative Development,No,,"New York, New York, United States","Our goal is to give you a real sense of what it's like to work at Jane Street full time while also providing a truly unparalleled educational experience. As an intern, you are paired with full-time employees who act as mentors, collaborating with you on real-world projects we actually need done. As a Software Engineering intern, you’ll learn how we use OCaml (our primary development language) in our day to day work, and gain exposure to the libraries and tools that are foundational to our internal systems. Some teams also use Python, so depending on the project, you might do some work with Python as well. During the internship, you'll be closely mentored by full-time software engineers. Mentors design intern projects based on their team's current needs and are heavily invested in helping interns build maintainable, high-quality software that is intended to reach production. The projects…","If you’ve never thought about a career in finance, you’re in good company. Many of us were in the same position before working here. If you have a curious mind, a collaborative spirit, and a passion for solving interesting problems, we have a feeling you’ll fit right in. You should be: | A top-notch programmer with a love for technology | Intellectually curious, collaborative, and eager to learn | Humble and unafraid to ask questions and admit mistakes | Must be enrolled in a co-op program",https://job-boards.greenhouse.io/janestreet/jobs/8419303002,2026-07-22
Software Engineer,Jane Street,Full-Time,Quantitative Development,No,,"New York, New York, United States","Our goal is to give you a real sense of what it's like to work at Jane Street full time while also providing a truly unparalleled educational experience. As an intern, you are paired with full-time employees who act as mentors, collaborating with you on real-world projects we actually need done. As a Software Engineering intern, you’ll learn how we use OCaml (our primary development language) in our day to day work, and gain exposure to the libraries and tools that are foundational to our internal systems. Some teams also use Python, so depending on the project, you might do some work with Python as well. During the internship, you'll be closely mentored by full-time software engineers. Mentors design intern projects based on their team's current needs and are heavily invested in helping interns build maintainable, high-quality software that is intended to reach production. The projects…","If you’ve never thought about a career in finance, you’re in good company. Many of us were in the same position before working here. If you have a curious mind, a collaborative spirit, and a passion for solving interesting problems, we have a feeling you’ll fit right in. You should be: | A top-notch programmer with a love for technology | Intellectually curious, collaborative, and eager to learn | Humble and unafraid to ask questions and admit mistakes",https://job-boards.greenhouse.io/janestreet/jobs/8599644002,2026-07-22
Software Engineer,Jane Street,Full-Time,Quantitative Development,No,,"Hong Kong, Hong Kong","Our goal is to give you a real sense of what it's like to work at Jane Street full time while also providing a truly unparalleled educational experience. As an intern, you are paired with full-time employees who act as mentors, collaborating with you on real-world projects we actually need done. As a Software Engineering intern, you’ll learn how we use OCaml (our primary development language) in our day to day work, and gain exposure to the libraries and tools that are foundational to our internal systems. Some teams also use Python, so depending on the project, you might do some work with Python as well. During the internship, you'll be closely mentored by full-time software engineers. Mentors design intern projects based on their team's current needs and are heavily invested in helping interns build maintainable, high-quality software that is intended to reach production. The projects…","If you’ve never thought about a career in finance, you’re in good company. Many of us were in the same position before working here. If you have a curious mind, a collaborative spirit, and a passion for solving interesting problems, we have a feeling you’ll fit right in. We're more interested in how you think and learn than what you currently know. You should be: | A top-notch programmer with a love for technology | Intellectually curious, collaborative, and eager to learn | Humble and unafraid to ask questions and admit mistakes | Fluent in English | Please note: Jane Street will provide flights to and from Hong Kong as well as accommodation throughout the entirety of the program.",https://job-boards.greenhouse.io/janestreet/jobs/8617298002,2026-07-22
Software Engineer,Jane Street,Full-Time,Quantitative Development,No,,"London, England, United Kingdom","We're always hiring software engineers for all of our offices. Technology is at the core of how we approach our work, and engineers are intimately involved in every area of the business. We are big believers in functional programming and use OCaml, a statically typed functional programming language, as our primary tool. More recently, Python has become a vital part of Jane Street’s research and trading work, acting as the go-to language for data analysis, visualization, and machine learning. We also believe in the value of open source software, using it in our daily work and releasing over a million lines of our own code as open source.","Top-notch programming skills | Deep experience with—and love for—technology. There's no specific checklist; we use software to approach a variety of problems, so we're interested in everything from machine learning to systems administration to programming language design | Strong interpersonal skills. Software engineering at Jane Street is highly collaborative, and we are looking for people who can work effectively in small, close-knit teams | We don’t expect you to have experience with functional programming, OCaml, Python, or finance; we’re happy to hire talented engineers and teach them what they need to know. | Fluency in English required | If you'd like to get an idea of what we cover in our software engineering interview process, you can visit our interview prep page. | If you're a recruiting agency and want to partner with us, please reach out to…",https://job-boards.greenhouse.io/janestreet/jobs/4274814002,2026-07-22
Software Engineer,Jane Street,Full-Time,Quantitative Development,No,,"New York, New York, United States","We're always hiring software engineers for all of our offices. Technology is at the core of how we approach our work, and engineers are intimately involved in every area of the business. We are big believers in functional programming and use OCaml, a statically typed functional programming language, as our primary tool. More recently, Python has become a vital part of Jane Street’s research and trading work, acting as the go-to language for data analysis, visualization, and machine learning. We also believe in the value of open source software, using it in our daily work and releasing over a million lines of our own code as open source.","Top-notch programming skills | Deep experience with—and love for—technology. There's no specific checklist; we use software to approach a variety of problems, so we're interested in everything from machine learning to systems administration to programming language design | Strong interpersonal skills. Software engineering at Jane Street is highly collaborative, and we are looking for people who can work effectively in small, close-knit teams | We don’t expect you to have experience with functional programming, OCaml, Python, or finance; we’re happy to hire talented engineers and teach them what they need to know. | If you'd like to get an idea of what we cover in our software engineering interview process, you can visit our interview prep page. | If you're a recruiting agency and want to partner with us, please reach out to agency-partnerships@janestreet.com.",https://job-boards.greenhouse.io/janestreet/jobs/4274288002,2026-07-22
Software Engineer,Jane Street,Full-Time,Quantitative Development,No,,"Hong Kong, Hong Kong","As a Software Engineering intern, you’ll learn how we use OCaml (our primary development language) in our day to day work, and gain exposure to the libraries and tools that are foundational to our internal systems. Some teams also use Python, so depending on the project, you might do some work with Python as well. During the internship, you’ll be closely mentored by full-time software engineers. Mentors design intern projects based on their team’s current needs and are heavily invested in helping interns build maintainable, high-quality software that is intended to reach production. The work you will do is as varied and diverse as what full-timers work on, covering a wide range of problems, from high performance trading systems to programming language design and everything in between. If you’d like to learn more, you can read about our interview and team placement processes and get a…","We don’t expect you to have a background in finance, OCaml, functional programming, or any other specific field—we’re looking for smart people who enjoy solving interesting problems. We’re more interested in how you think and learn than what you currently know. You should be: | A top-notch programmer with a love for technology | Intellectually curious, collaborative, and eager to learn | Humble and unafraid to ask questions and admit mistakes | Fluent in English | Please note: Jane Street will provide flights to and from Hong Kong as well as accommodation throughout the entirety of the program. | If you're a recruiting agency and want to partner with us, please reach out to agency-partnerships@janestreet.com.",https://job-boards.greenhouse.io/janestreet/jobs/7582902002,2026-07-22
Software Engineer,Jane Street,Full-Time,Quantitative Development,No,,Singapore,"Our goal is to give you a real sense of what it's like to work at Jane Street full time while also providing a truly unparalleled educational experience. As an intern, you are paired with full-time employees who act as mentors, collaborating with you on real-world projects we actually need done. As a Software Engineering intern, you’ll learn how we use OCaml (our primary development language) in our day to day work, and gain exposure to the libraries and tools that are foundational to our internal systems. Some teams also use Python, so depending on the project, you might do some work with Python as well. During the internship, you'll be closely mentored by full-time software engineers. Mentors design intern projects based on their team's current needs and are heavily invested in helping interns build maintainable, high-quality software that is intended to reach production. The projects…","If you’ve never thought about a career in finance, you’re in good company. Many of us were in the same position before working here. If you have a curious mind, a collaborative spirit, and a passion for solving interesting problems, we have a feeling you’ll fit right in. We're more interested in how you think and learn than what you currently know. You should be: | A top-notch programmer with a love for technology | Intellectually curious, collaborative, and eager to learn | Humble and unafraid to ask questions and admit mistakes | Fluent in English | Please note: Jane Street will provide flights to and from Singapore as well as accommodation throughout the entirety of the program.",https://job-boards.greenhouse.io/janestreet/jobs/8632392002,2026-07-22
Software Engineer,Jane Street,Full-Time,Quantitative Development,No,,"New York, New York, United States","We’re looking for Software Engineers who want to help us design and build the systems and tools that run the firm. You’ll find Software Engineers in all parts of Jane Street, solving real problems in critical areas ranging from trading desks to our accounting team, as well as building foundational infrastructure, whether that means implementing network monitoring or risk models. We are big believers in functional programming and, using OCaml, a statically -typed functional programming language, as our primary tool. More recently, Python has become a vital part of Jane Street’s research and trading work, acting as the go-to language for data analysis, visualization, and machine learning. Beyond our own environment, we also recognize the value of open source software, leveraging it in our daily work and releasing over a million lines of our own code as open source. We’re also always…","We don’t expect you to have a background in functional programming, OCaml, Python, finance, or any other specific field—we’re looking for smart programmers who enjoy solving interesting problems. We’re more interested in how you think and learn than what you currently know. You should be: | A top-notch programmer with a love for technology | Intellectually curious, collaborative, and eager to learn | Humble and unafraid to ask questions and admit mistakes",https://job-boards.greenhouse.io/janestreet/jobs/8594541002,2026-07-22
Software Engineer / Writer,Jane Street,Full-Time,Quantitative Development,No,,"New York, New York, United States","We're looking to hire a programmer-who-writes, or a writer-who-codes.",,https://job-boards.greenhouse.io/janestreet/jobs/7604415002,2026-07-22
AI Research Scientist | Research & Development,Jump Trading,Full-Time,Quantitative Research,No,"$200,000","New York, London, Singapore","Jump Trading Group is committed to world class research. We empower exceptional talents in Mathematics, Physics, and Computer Science to seek scientific boundaries, push through them, and apply cutting edge research to global financial markets. Our culture is unique. Constant innovation requires fearlessness, creativity, intellectual honesty, and a relentless competitive streak. We believe in winning together and unlocking unique individual talent by incenting collaboration and mutual respect. At Jump, research outcomes drive more than superior risk adjusted returns. We design, develop, and deploy technologies that change our world, fund start-ups across industries, and partner with leading global research organizations and universities to solve problems.Our AI team is an R&D group of quantitative researchers, engineers, and ML experts leading LLM research and applications at Jump. Our…","5+ year track record of creating ML systems with real metrics & impact in industry and/or academia | Strong general ML background with some exposure to language modeling architectures (e.g. transformers, SSMs) | Solid development skills in Python and/or C++ | Familiarity with ML libraries/frameworks such as PyTorch (preferred), TensorFlow, and/or JAX | Intellectual curiosity, versatility, and originality combined with a pragmatic outlook | Ability to reason through quantitative problems and communicate effectively with trading researchers | PhD, or Master's degree in Computer Science, Mathematics, (or related subject) | Strong publications record at ICML, ICLR, AAAI, NeurIPS, UAI, KDD, or equivalent | Reliable and predictable availability",https://www.jumptrading.com/hr/job?gh_jid=4982814,2026-07-22
Campus Quantitative Researcher (Full-Time),Jump Trading,Full-Time,Quantitative Research,No,,London; Amsterdam,"Jump Trading is committed to world class research. We empower exceptional talents in Mathematics, Physics, and Computer Science to seek scientific boundaries, push through them, and apply cutting edge research to global financial markets. Our culture is unique. Constant innovation requires fearlessness, creativity, intellectual honesty, and a relentless competitive streak. We believe in winning together and unlocking unique individual talent by incentivising collaboration and mutual respect. At Jump, research outcomes drive more than superior risk adjusted returns. We design, develop, and deploy technologies that change our world, fund start-ups across industries, and partner with leading global research organisations and universities to solve problems. We build predictive models from big data and develop algorithms to automatically execute trades in dozens of financial exchanges around…","We are seeking the sharpest analytical minds from top undergraduate and graduate programs. Ideal candidates have an uncommon drive to learn and improve, an entrepreneurial spirit, and strong skills in programming and/or quantitative analysis (statistics, data mining, mathematics, machine learning, etc.). | No prior knowledge of finance or trading is necessary. We’ll give you the training that you’ll need. Reliable and predictable availability required. | Although we strongly value training in Computer Science and Mathematics, we are excited to meet people with exceptional achievements in any technical discipline. Recent hires include students from fields such as Electrical Engineering, Statistics, Physics, Neuroscience, Materials Science, Operations Research, and more. | If you have outstanding skills in math and programming and you are curious about the challenge of improving research…",https://www.jumptrading.com/hr/job?gh_jid=8050796,2026-07-22
Campus Quantitative Researcher (Intern),Jump Trading,Internship,Quantitative Research,No,,London; Amsterdam,"Jump Trading Group is committed to world class research. We empower exceptional talents in Mathematics, Physics, and Computer Science to seek scientific boundaries, push through them, and apply cutting edge research to global financial markets. Our culture is unique. Constant innovation requires fearlessness, creativity, intellectual honesty, and a relentless competitive streak. We believe in winning together and unlocking unique individual talent by incentivizing collaboration and mutual respect. At Jump, research outcomes drive more than superior risk adjusted returns. We design, develop, and deploy technologies that change our world, fund start-ups across industries, and partner with leading global research organizations and universities to solve problems. The quant research internship is an intensive 10-week program focused on enhancing your quantitative and programming skills, as…","We are seeking the sharpest analytical minds from top undergraduate and graduate programs. Ideal candidates have an uncommon drive to learn and improve, an entrepreneurial spirit, and strong skills in programming and/or quantitative analysis (statistics, data mining, mathematics, machine learning, etc.).No prior knowledge of finance or trading is necessary. We’ll give you the training that you’ll need. Reliable and predictable availability required. Although we strongly value training in Computer Science and Mathematics, we are excited to meet people with exceptional achievements in any technical discipline. Recent hires include students from fields such as Electrical Engineering, Statistics, Physics, Neuroscience, Materials Science, Operations Research, and more.If you have outstanding skills in math and programming and you are curious about the challenge of improving research with…",https://www.jumptrading.com/hr/job?gh_jid=8010307,2026-07-22
Campus Quantitative Researcher (M1/M2 Intern),Jump Trading,Internship,Quantitative Research,No,,London; Paris,"Jump Trading Group is committed to world class research. We empower exceptional talents in Mathematics, Physics, and Computer Science to seek scientific boundaries, push through them, and apply cutting edge research to global financial markets. Our culture is unique. Constant innovation requires fearlessness, creativity, intellectual honesty, and a relentless competitive streak. We believe in winning together and unlocking unique individual talent by incentivizing collaboration and mutual respect. At Jump, research outcomes drive more than superior risk adjusted returns. We design, develop, and deploy technologies that change our world, fund start-ups across industries, and partner with leading global research organisations and universities to solve problems. We build predictive models from big data and develop algorithms to automatically execute trades in dozens of financial exchanges…","This program is specifically designed for students from French schools that require the completion of the M1/M2 research internship (e.g. Ecole Polytechnique). | Ideal candidates have a strong drive to learn and improve, an entrepreneurial spirit, and strong skills in programming and/or quantitative analysis (statistics, data mining, mathematics, machine learning, etc.). | No prior knowledge of finance or trading is necessary. We’ll give you the training that you’ll need. Reliable and predictable availability required. | Although we strongly value training in Computer Science and Mathematics, we are excited to meet people with exceptional achievements in any technical discipline. Recent hires include students from fields such as Electrical Engineering, Statistics, Physics, Neuroscience, Materials Science, Operations Research, and more. | If you have outstanding skills in math and…",https://www.jumptrading.com/hr/job?gh_jid=8059384,2026-07-22
"Campus Quantitative Researcher, PhD (Intern)",Jump Trading,Internship,Quantitative Research,No,"$300,000 per year",Chicago; New York,"Jump Trading Group is committed to world class research. We empower exceptional talents in Mathematics, Physics, and Computer Science to seek scientific boundaries, push through them, and apply cutting edge research to global financial markets. Our culture is unique. Constant innovation requires fearlessness, creativity, intellectual honesty, and a relentless competitive streak. We believe in winning together and unlocking unique individual talent by incenting collaboration and mutual respect. At Jump, research outcomes drive more than superior risk adjusted returns. We design, develop, and deploy technologies that change our world, fund start-ups across industries, and partner with leading global research organizations and universities to solve problems. Our trading teams are each comprised of a dynamic group of traders, quantitative researchers, and engineers who work together to…","Currently pursuing a PhD in Statistics, Mathematics, Computer Science, Physics, or any highly quantitative field; recent researchers have come from fields as varied as Electrical Engineering, Operations Research, and Economics | Systematic research thinking: the ability to form well-educated hypotheses, design rigorous tests, and draw statistically sound, generalizable conclusions. No matter your area, these are the fundamental aspects of a good researcher, and it is no different at Jump Trading. | Ownership of your research: the ability to explain the choices you made, the alternatives you considered and rejected, and why your approach won. Every idea demands a premise, and every rejection deserves a reason | Experience conducting an in-depth research project with real-world data | Programming experience in Python, with the ability to read, understand, and debug code, including code…",https://www.jumptrading.com/hr/job?gh_jid=8049938,2026-07-22
"Campus Quantitative Researcher, UG/MS (Full-Time)",Jump Trading,Full-Time,Quantitative Research,No,"$300,000 per year",Chicago; New York,"Jump Trading Group is committed to world class research. We empower exceptional talents in Mathematics, Physics, and Computer Science to seek scientific boundaries, push through them, and apply cutting edge research to global financial markets. Our culture is unique. Constant innovation requires fearlessness, creativity, intellectual honesty, and a relentless competitive streak. We believe in winning together and unlocking unique individual talent by incenting collaboration and mutual respect. At Jump, research outcomes drive more than superior risk adjusted returns. We design, develop, and deploy technologies that change our world, fund start-ups across industries, and partner with leading global research organizations and universities to solve problems. Our trading teams are each comprised of a dynamic group of traders, quantitative researchers, and engineers who work together to…","We are seeking the sharpest analytical minds from top undergraduate and graduate programs. Ideal candidates have an uncommon drive to learn and improve, an entrepreneurial spirit, and strong skills in programming and/or quantitative analysis (statistics, data mining, mathematics, machine learning, etc.). | No prior knowledge of finance or trading is necessary. We will give you the training that you need. | Although we strongly value training in Computer Science and Mathematics, we are excited to meet people with exceptional achievements in any technical discipline. Recent hires include students from fields such as Electrical Engineering, Statistics, Physics, Operations Research, Neuroscience, Materials Science, and more. | If you have outstanding skills in math and programming and you are curious about the challenge of improving research with continuous feedback from competitive…",https://www.jumptrading.com/hr/job?gh_jid=7728630,2026-07-22
"Campus Quantitative Researcher, UG/MS (Intern)",Jump Trading,Internship,Quantitative Research,No,"$300,000 per year",Chicago; New York,"Jump Trading Group is committed to world class research. We empower exceptional talents in Mathematics, Physics, and Computer Science to seek scientific boundaries, push through them, and apply cutting edge research to global financial markets. Our culture is unique. Constant innovation requires fearlessness, creativity, intellectual honesty, and a relentless competitive streak. We believe in winning together and unlocking unique individual talent by incenting collaboration and mutual respect. At Jump, research outcomes drive more than superior risk adjusted returns. We design, develop, and deploy technologies that change our world, fund start-ups across industries, and partner with leading global research organizations and universities to solve problems. Our trading teams are each comprised of a dynamic group of traders, quantitative researchers, and engineers who work together to…","We are seeking the sharpest analytical minds from top undergraduate and graduate programs. | Outstanding skills in computer science, machine learning, statistics, and mathematics | Competitive spirit and uncommon drive to learn and improve | Programming experience | Appetite for risk-taking | Demonstrated interest in financial markets | Reliable and predictable availability required. | INTERNATIONAL STUDENTS are encouraged to apply. We accept students eligible for CPT/OPT and we sponsor work visas for full-time positions. | The estimated base salary for this role is $300,000 per year.",https://www.jumptrading.com/hr/job?gh_jid=7982648,2026-07-22
Campus Quantitative Trader (Full-Time),Jump Trading,Full-Time,Quantitative Trading,No,,London; Amsterdam,"Jump Trading is committed to world class research. We empower exceptional talents in Mathematics, Physics, and Computer Science to seek scientific boundaries, push through them, and apply cutting edge research to global financial markets. Our culture is unique. Constant innovation requires fearlessness, creativity, intellectual honesty, and a relentless competitive streak. We believe in winning together and unlocking unique individual talent by incentivising collaboration and mutual respect. At Jump, research outcomes drive more than superior risk adjusted returns. We design, develop, and deploy technologies that change our world, fund start-ups across industries, and partner with leading global research organisations and universities to solve problems. At Jump, our people contribute to trading teams in the following roles, or a blend of all three: quant trader, quant researcher, and…",We are seeking the sharpest analytical minds from top undergraduate and graduate programs. | Outstanding skills in probabilistic thinking and mathematical reasoning | Competitive spirit and uncommon drive to learn and improve | Programming experience | Appetite for risk-taking | Demonstrated interest in financial markets | Reliable and predictable availability required. | INTERNATIONAL STUDENTS are encouraged to apply.,https://www.jumptrading.com/hr/job?gh_jid=8050801,2026-07-22
Campus Quantitative Trader (Full-Time),Jump Trading,Full-Time,Quantitative Trading,No,"$300,000 per year",Chicago; New York,"Jump Trading Group is committed to world class research. We empower exceptional talents in Mathematics, Physics, and Computer Science to seek scientific boundaries, push through them, and apply cutting edge research to global financial markets. Our culture is unique. Constant innovation requires fearlessness, creativity, intellectual honesty, and a relentless competitive streak. We believe in winning together and unlocking unique individual talent by incenting collaboration and mutual respect. At Jump, research outcomes drive more than superior risk adjusted returns. We design, develop, and deploy technologies that change our world, fund start-ups across industries, and partner with leading global research organizations and universities to solve problems. Our trading teams are each comprised of a dynamic group of traders, quantitative researchers, and engineers who work together to…","We are seeking the sharpest analytical minds from top undergraduate and graduate programs. | Outstanding skills in probabilistic thinking and mathematical reasoning | Competitive spirit and uncommon drive to learn and improve | Programming experience | Appetite for risk-taking | Demonstrated interest in financial markets | Reliable and predictable availability required. | INTERNATIONAL STUDENTS are encouraged to apply. We accept students eligible for CPT/OPT and we sponsor work visas for full-time positions. | The estimated base salary for this role is $300,000 per year.",https://www.jumptrading.com/hr/job?gh_jid=7982619,2026-07-22
Campus Quantitative Trader (Intern),Jump Trading,Internship,Quantitative Trading,No,,London; Amsterdam,"Jump Trading Group is committed to world class research. We empower exceptional talents in Mathematics, Physics, and Computer Science to seek scientific boundaries, push through them, and apply cutting edge research to global financial markets. Our culture is unique. Constant innovation requires fearlessness, creativity, intellectual honesty, and a relentless competitive streak. We believe in winning together and unlocking unique individual talent by incenting collaboration and mutual respect. At Jump, research outcomes drive more than superior risk adjusted returns. We design, develop, and deploy technologies that change our world, fund start-ups across industries, and partner with leading global research organizations and universities to solve problems. Our trading teams are each comprised of a dynamic group of traders, quantitative researchers, and engineers who work together to…",We are seeking the sharpest analytical minds from top undergraduate and graduate programs. | Outstanding skills in probabilistic thinking and mathematical reasoning | Competitive spirit and uncommon drive to learn and improve | Programming experience | Appetite for risk-taking | Demonstrated interest in financial markets | Reliable and predictable availability required. | INTERNATIONAL STUDENTS are encouraged to apply.,https://www.jumptrading.com/hr/job?gh_jid=8050772,2026-07-22
Campus Quantitative Trader (Intern),Jump Trading,Internship,Quantitative Trading,No,,Chicago; New York,"Jump Trading Group is committed to world class research. We empower exceptional talents in Mathematics, Physics, and Computer Science to seek scientific boundaries, push through them, and apply cutting edge research to global financial markets. Our culture is unique. Constant innovation requires fearlessness, creativity, intellectual honesty, and a relentless competitive streak. We believe in winning together and unlocking unique individual talent by incenting collaboration and mutual respect. At Jump, research outcomes drive more than superior risk adjusted returns. We design, develop, and deploy technologies that change our world, fund start-ups across industries, and partner with leading global research organizations and universities to solve problems. Our trading teams are each comprised of a dynamic group of traders, quantitative researchers, and engineers who work together to…",We are seeking the sharpest analytical minds from top undergraduate and graduate programs. | Outstanding skills in probabilistic thinking and mathematical reasoning | Competitive spirit and uncommon drive to learn and improve | Programming experience | Appetite for risk-taking | Demonstrated interest in financial markets | Reliable and predictable availability required. | INTERNATIONAL STUDENTS are encouraged to apply.,https://www.jumptrading.com/hr/job?gh_jid=7848371,2026-07-22
Campus Software Engineer (Full-Time),Jump Trading,Full-Time,Quantitative Development,No,"$250,000 per year",Chicago,"Jump Trading Group is committed to world class research. We empower exceptional talents in Mathematics, Physics, and Computer Science to seek scientific boundaries, push through them, and apply cutting edge research to global financial markets. Our culture is unique. Constant innovation requires fearlessness, creativity, intellectual honesty, and a relentless competitive streak. We believe in winning together and unlocking unique individual talent by incenting collaboration and mutual respect. At Jump, research outcomes drive more than superior risk adjusted returns. We design, develop, and deploy technologies that change our world, fund start-ups across industries, and partner with leading global research organizations and universities to solve problems. Core Development is a global team of technologists who architect, build and maintain our world-class trading platform. From…","Hands-on experience and a high level of proficiency in one or more of the following: | C++ development on Linux platform | Python development on Linux platform | Strong understanding of data structures and threading models | Ability to work with a team in a fast-paced environment, deploying new software daily | Passion for solving complex problems and learning to build optimal solutions from scratch, instead of simply assembling things from existing libraries | Interest in using knowledge from several areas -- such as hardware, networking, OS design -- to produce extremely high-performance software | Reliable and predictable availability",https://www.jumptrading.com/hr/job?gh_jid=8000835,2026-07-22
Campus Software Engineer (Intern),Jump Trading,Internship,Quantitative Development,No,,London,"Jump Trading Group is committed to world class research. We empower exceptional talents in Mathematics, Physics, and Computer Science to seek scientific boundaries, push through them, and apply cutting edge research to global financial markets. Our culture is unique. Constant innovation requires fearlessness, creativity, intellectual honesty, and a relentless competitive streak. We believe in winning together and unlocking unique individual talent by incenting collaboration and mutual respect. At Jump, research outcomes drive more than superior risk adjusted returns. We design, develop, and deploy technologies that change our world, fund start-ups across industries, and partner with leading global research organizations and universities to solve problems. Core Development is a global team of technologists who architect, build and maintain our world-class trading platform. From…","Experience with C++ programming on Linux | Experience with command line on Linux | Experience with Git/version control | Experience with Python programming on Linux | Strong understanding of data structures and threading models | Ability to work with a team in a fast-paced environment, deploying new software daily | Passion for solving complex problems using both novel and state of the art commercial solutions | Interest in using knowledge from several areas -- such as hardware, networking, operating systems -- to produce extremely high-performance software | Reliable and predictable availability | * No finance or economics study or work experience required",https://www.jumptrading.com/hr/job?gh_jid=7975026,2026-07-22
Campus Software Engineer (Intern),Jump Trading,Internship,Quantitative Development,No,"$250,000 per year",Chicago,"Jump Trading Group is committed to world class research. We empower exceptional talents in Mathematics, Physics, and Computer Science to seek scientific boundaries, push through them, and apply cutting edge research to global financial markets. Our culture is unique. Constant innovation requires fearlessness, creativity, intellectual honesty, and a relentless competitive streak. We believe in winning together and unlocking unique individual talent by incenting collaboration and mutual respect. At Jump, research outcomes drive more than superior risk adjusted returns. We design, develop, and deploy technologies that change our world, fund start-ups across industries, and partner with leading global research organizations and universities to solve problems. Core Development is a global team of technologists who architect, build and maintain our world-class trading platform. From…","Hands-on experience and a high level of proficiency in one or more of the following: | C++ development on Linux platform | Python development on Linux platform | Strong understanding of data structures and threading models | Ability to work with a team in a fast-paced environment, deploying new software daily | Passion for solving complex problems and learning to build optimal solutions from scratch, instead of simply assembling things from existing libraries | Interest in using knowledge from several areas -- such as hardware, networking, OS design -- to produce extremely high-performance software | Reliable and predictable availability",https://www.jumptrading.com/hr/job?gh_jid=8002989,2026-07-22
Campus Trading Team Software Engineer  (Intern),Jump Trading,Internship,Quantitative Development,No,,Hong Kong,"Jump Trading Group is committed to world class research. We empower exceptional talents in Mathematics, Physics, and Computer Science to seek scientific boundaries, push through them, and apply cutting edge research to global financial markets. Our culture is unique. Constant innovation requires fearlessness, creativity, intellectual honesty, and a relentless competitive streak. We believe in winning together and unlocking unique individual talent by incenting collaboration and mutual respect. At Jump, research outcomes drive more than superior risk adjusted returns. We design, develop, and deploy technologies that change our world, fund start-ups across industries, and partner with leading global research organizations and universities to solve problems. Our trading teams are each comprised of a dynamic group of traders, quantitative researchers, and engineers who work together to…","Solid foundation in C++ and Python programming | Solid understanding of computer science fundamentals: data structures, algorithms, memory management, operating systems, compilers, computer architecture, and networking | Interest in systems programming and understanding how software interacts with hardware (OS internals, process scheduling, I/O, caching) | Comfortable working in a Linux environment | Passion for writing clean, efficient, and maintainable code; comfortable contributing to collaborative codebases | Ability to translate research requirements into robust software solutions | Strong learning ability and intellectual curiosity | Good communication skills with users and other stakeholders | Reliable and predictable availability | No finance or economics study or work experience required | Other duties as assigned or needed",https://www.jumptrading.com/hr/job?gh_jid=7565728,2026-07-22
Campus UI Software Engineer (Intern),Jump Trading,Internship,Quantitative Development,No,,London,"Jump Trading Group is committed to world class research. We empower exceptional talents in Mathematics, Physics, and Computer Science to seek scientific boundaries, push through them, and apply cutting edge research to global financial markets. Our culture is unique. Constant innovation requires fearlessness, creativity, intellectual honesty, and a relentless competitive streak. We believe in winning together and unlocking unique individual talent by incenting collaboration and mutual respect. At Jump, research outcomes drive more than superior risk adjusted returns. We design, develop, and deploy technologies that change our world, fund start-ups across industries, and partner with leading global research organizations and universities to solve problems. Core Development is a global team of technologists who architect, build and maintain our world-class trading platform. From…","Hands-on experience and a high level of proficiency in one or more of the following: | Web development using Python and Typescript | Python development on Linux platform | Strong understanding of data structures, algorithms, and threading models | Ability to work with a team in a fast-paced environment, deploying new software daily | Passion for solving complex problems and learning to build optimal solutions from scratch, instead of simply assembling things from existing libraries | Interest in using knowledge from several areas -- such as hardware, networking, OS design -- to produce extremely high-performance software | Reliable and predictable availability",https://www.jumptrading.com/hr/job?gh_jid=7974943,2026-07-22
Campus UI Software Engineer (Intern),Jump Trading,Internship,Quantitative Development,No,"$250,000 per year",Chicago,"Jump Trading Group is committed to world class research. We empower exceptional talents in Mathematics, Physics, and Computer Science to seek scientific boundaries, push through them, and apply cutting edge research to global financial markets. Our culture is unique. Constant innovation requires fearlessness, creativity, intellectual honesty, and a relentless competitive streak. We believe in winning together and unlocking unique individual talent by incenting collaboration and mutual respect. At Jump, research outcomes drive more than superior risk adjusted returns. We design, develop, and deploy technologies that change our world, fund start-ups across industries, and partner with leading global research organizations and universities to solve problems. Core Development is a global team of technologists who architect, build and maintain our world-class trading platform. From…","Hands-on experience and a high level of proficiency in one or more of the following: | Web development using Python and Typescript | Python development on Linux platform | Strong understanding of data structures, algorithms, and threading models | Ability to work with a team in a fast-paced environment, deploying new software daily | Passion for solving complex problems and learning to build optimal solutions from scratch, instead of simply assembling things from existing libraries Interest in using knowledge from several areas -- such as hardware, networking, OS design -- to produce extremely high-performance software | Reliable and predictable availability",https://www.jumptrading.com/hr/job?gh_jid=8003019,2026-07-22
Infrastructure Engineer,Jump Trading,Full-Time,Quantitative Development,No,,Mumbai,"Jump Trading Group is committed to world class research. We empower exceptional talents in Mathematics, Physics, and Computer Science to seek scientific boundaries, push through them, and apply cutting edge research to global financial markets. Our culture is unique. Constant innovation requires fearlessness, creativity, intellectual honesty, and a relentless competitive streak. We believe in winning together and unlocking unique individual talent by incenting collaboration and mutual respect. At Jump, research outcomes drive more than superior risk adjusted returns. We design, develop, and deploy technologies that change our world, fund start-ups across industries, and partner with leading global research organizations and universities to solve problems. Production Infrastructure is a global organization of Engineers who architect, build and maintain our world-class infrastructure.…","Bachelor’s Degree in Information Technology, Computer Science or related field preferred | At least 5+ years of hands-on networking experience | CCNP certification or equivalent | Advance knowledge and troubleshooting of IP networking and TCP/ IP | Advance knowledge of Switching, Routing (BGP) and Multicast (IGMP, PIM) | Knowledge of Linux Administration and scripting | Strong written and verbal communication skills | Ability to work well as part of global team in a fast-paced environment. Encourages participation and values collaboration with all team members spread across multiple offices | Demonstrates good judgment, ability to evaluate short and long-term impact, and confidence to select and execute decision when required and take full responsibility for end results | Reliable and predictable availability",https://www.jumptrading.com/hr/job?gh_jid=7606254,2026-07-22
Quantitative Developer,Jump Trading,Full-Time,Quantitative Development,No,,Hong Kong,"As a Quantitative Developer, you will work on a core team of technologists that build and improve the platforms that drive the trading team. You will work closely with the quantitative researchers to create and improve research, trading infrastructure, improve the scalability of the production systems, maintaining the production trading environment, troubleshooting problems, and developing software to automate and improve deployment, configuration, validation. The team is looking for someone who will be passionate about development and demonstrates intellectual curiosity and an ability to solve difficult technical problems in a fast-paced and energetic environment. Full cycle development including researching and prod system, writing, testing & debugging code, deployment of finished code into the production environment and ensuring that all code is checked into the source code control…","Efficient in python, C++ and able to develop/maintain code for prod applications | Strong analytical and problem solving skills | Must be extremely detail-oriented | Proven success working with large data sets | Self-directed and comfortable taking ownership of projects and responsibilities. | Reliable and predictable availability",https://www.jumptrading.com/hr/job?gh_jid=7822791,2026-07-22
Quantitative Developer | Trading team,Jump Trading,Full-Time,Quantitative Development,No,,Hong Kong,"Jump Trading Group is committed to world class research. We empower exceptional talents in Mathematics, Physics, and Computer Science to seek scientific boundaries, push through them, and apply cutting edge research to global financial markets. Our culture is unique. Constant innovation requires fearlessness, creativity, intellectual honesty, and a relentless competitive streak. We believe in winning together and unlocking unique individual talent by incenting collaboration and mutual respect. At Jump, research outcomes drive more than superior risk adjusted returns. We design, develop, and deploy technologies that change our world, fund start-ups across industries, and partner with leading global research organizations and universities to solve problems. We’re expanding our successful global equity stat arb business with the build out of a new team of quantitative researchers and…","5+ year track record of solving challenging problems through coding with real metrics & impact in industry and/or academia. | Passion for building efficient, modular software to tackle challenging problems. Experience is a plus, but a strong desire to learn and grow is essential. | Strong software development skills in Python and/or C++. | Strong learning ability, intellectual curiosity, versatility, and originality combined with a pragmatic outlook. | Ability to reason through quantitative problems and communicate effectively with quantitative researchers. | Reliable and predictable availability to ensure smooth operations of production systems. | Over two years of experience working with industrial grade codebases using compiled languages such as C++ is advantageous. | Familiarity with high-performance computing (HPC) and distributed large-scale model training is a plus.",https://www.jumptrading.com/hr/job?gh_jid=6172858,2026-07-22
Quantitative Developer | Trading Team,Jump Trading,Full-Time,Quantitative Development,No,"$200,000",New York City or Chicago ,"Jump Trading Group is committed to world class research. We empower exceptional talents in Mathematics, Physics, and Computer Science to seek scientific boundaries, push through them, and apply cutting edge research to global financial markets. Our culture is unique. Constant innovation requires fearlessness, creativity, intellectual honesty, and a relentless competitive streak. We believe in winning together and unlocking unique individual talent by incentivizing collaboration and mutual respect. At Jump, research outcomes drive more than superior risk adjusted returns. We design, develop, and deploy technologies that change our world, fund start-ups across industries, and partner with leading global research organizations and universities to solve problems. At Jump, we bring together world class talent, battle tested infrastructure, and serious research intensity to build and scale…","2+ year track record of solving challenging problems through coding with real metrics & impact in industry. | Strong software development skills in Python and/or C++, with the ability to build efficient, modular, and reliable systems. | Strong production engineering skills in Linux environments, including troubleshooting, scripting, monitoring, and operating real-time systems under pressure. | Experience with modern infrastructure and deployment practices such as CI/CD, Infrastructure as Code, containerization, and observability tooling is advantageous (e.g. GitLab, Jenkins, Terraform, Ansible, Docker, Kubernetes, Prometheus, Grafana). | Strong learning ability, intellectual curiosity, versatility, and originality combined with a pragmatic outlook. | Ability to reason through quantitative problems and communicate effectively with quantitative researchers and engineers. | Reliable and…",https://www.jumptrading.com/hr/job?gh_jid=7767735,2026-07-22
Quantitative Developer | Trading Team,Jump Trading,Full-Time,Quantitative Development,No,,Shanghai,"Jump Trading established its dedication to the China market with the launch of our Shanghai office in late 2017 with the ambition of building an independently operational office. Due to this ambition, we are growing our competencies in Trading, Technology and Operations. We bring together the best of two worlds; A start-up environment powered by Global Jump Trading dedication and resources. This position is part of software development in a trading team. As a Quantitative Developer, you will work on a core team of technologists that build and improve the platforms that drive the trading team. You will work closely with the quantitative researchers on the team to create and improve research, trading infrastructure, improve the scalability of the production systems, maintaining the production trading environment, troubleshooting problems, and developing software to automate and improve…","Efficient in python, C++ and able to develop/maintain code for prod applications | Strong analytical and problem solving skills | Must be extremely detail-oriented | Proven success working with large data sets | Self-directed and comfortable taking ownership of projects and responsibilities. | Reliable and predictable availability",https://www.jumptrading.com/hr/job?gh_jid=6190021,2026-07-22
Quantitative Researcher | Trading Team,Jump Trading,Full-Time,Quantitative Research,No,,Singapore,"Jump Trading Group is committed to world class research. We empower exceptional talents in Mathematics, Physics, and Computer Science to seek scientific boundaries, push through them, and apply cutting edge research to global financial markets. Our culture is unique. Constant innovation requires fearlessness, creativity, intellectual honesty, and a relentless competitive streak. We believe in winning together and unlocking unique individual talent by incenting collaboration and mutual respect. At Jump, research outcomes drive more than superior risk adjusted returns. We design, develop, and deploy technologies that change our world, fund start-ups across industries, and partner with leading global research organizations and universities to solve problems. Our trading teams are each comprised of a dynamic group of traders, quantitative researchers, and engineers who work together to…","Creative thinkers who are driven, self-motivated, and eager to solve challenging problems | Proven success with profitable trading strategies | Strong programming skills in C++ in a Linux environment | Working knowledge of forecasting and data mining techniques, such as linear and non-linear regression analysis, neural networks or support vector machines | Strong experience developing statistical models in a trading environment | Proven success working with large data sets and developing statistical models | Fascinated and interested in advancing machine learning within the trading community | Possess strong familiarity with Python, R or Matlab along with development skills to support research efforts | Masters or PhD in Statistics, Physics, Mathematics (or related subject) | Desire to work within a collaborative, team-driven environment | Excellent written and spoken English…",https://www.jumptrading.com/hr/job?gh_jid=5870589,2026-07-22
Quantitative Researcher | Trading Team,Jump Trading,Full-Time,Quantitative Research,No,,Amsterdam,"Jump Trading Group is committed to world class research. We empower exceptional talents in Mathematics, Physics, and Computer Science to seek scientific boundaries, push through them, and apply cutting edge research to global financial markets. Our culture is unique. Constant innovation requires fearlessness, creativity, intellectual honesty, and a relentless competitive streak. We believe in winning together and unlocking unique individual talent by incenting collaboration and mutual respect. At Jump, research outcomes drive more than superior risk adjusted returns. We design, develop, and deploy technologies that change our world, fund start-ups across industries, and partner with leading global research organizations and universities to solve problems. The quantitative trading teams at Jump Trading probe and examine the global markets, seeking to understand the complexities of…","Proven success with profitable trading strategies. | Strong programming skills in C++/Python in a Linux environment. | Working knowledge of forecasting and data mining techniques, such as linear and non-linear regression analysis, neural networks, or support vector machines. | Strong experience developing statistical models in a trading environment. | Proven success working with large data sets and developing statistical models. | Fascinated and interested in advancing machine learning within the trading community. | Possess strong familiarity with Python, R or MATLAB along with development skills to support research efforts. | Masters or PhD in Statistics, Physics, Mathematics (or related subject). | Desire to work within a collaborative, team-driven environment. | Reliable and predictable availability",https://www.jumptrading.com/hr/job?gh_jid=5830344,2026-07-22
Quantitative Researcher | Trading Team,Jump Trading,Full-Time,Quantitative Research,No,,Hong Kong,"Jump Trading Group is committed to world class research. We empower exceptional talents in Mathematics, Physics, and Computer Science to seek scientific boundaries, push through them, and apply cutting edge research to global financial markets. Our culture is unique. Constant innovation requires fearlessness, creativity, intellectual honesty, and a relentless competitive streak. We believe in winning together and unlocking unique individual talent by incentivizing collaboration and mutual respect. At Jump, research outcomes drive more than superior risk adjusted returns. We design, develop, and deploy technologies that change our world, fund start-ups across industries, and partner with leading global research organizations and universities to solve problems. We’re expanding our successful global equity stat arb business with the build out of a new team of quantitative researchers…","Creative thinkers who are driven, self-motivated, and eager to solve challenging problems | Proven experience developing successful quantitative trading strategies is highly preferred, though not required | Demonstrable experience leveraging forecasting and machine learning techniques, such as linear regression analysis, neural networks or other state-of-the-arts models | Bachelor, Masters or PhD in Computer Science, Statistics, Physics, Mathematics (or related subject) | Strong programming skills in C++/python in a Linux environment | Desire to work within a collaborative, team-driven, fast-paced environment",https://www.jumptrading.com/hr/job?gh_jid=6098760,2026-07-22
Quantitative Researcher | Trading Team,Jump Trading,Full-Time,Quantitative Research,No,,London,"Jump Trading Group is committed to world class research. We empower exceptional talents in Mathematics, Physics, and Computer Science to seek scientific boundaries, push through them, and apply cutting edge research to global financial markets. Our culture is unique. Constant innovation requires fearlessness, creativity, intellectual honesty, and a relentless competitive streak. We believe in winning together and unlocking unique individual talent by incenting collaboration and mutual respect. At Jump, research outcomes drive more than superior risk adjusted returns. We design, develop, and deploy technologies that change our world, fund start-ups across industries, and partner with leading global research organizations and universities to solve problems. The quantitative trading teams at Jump Trading probe and examine the global markets, seeking to understand the complexities of…","Proven success with profitable trading strategies. | Strong programming skills in C++/Python in a Linux environment. | Working knowledge of forecasting and data mining techniques, such as linear and non-linear regression analysis, neural networks, or support vector machines. | Strong experience developing statistical models in a trading environment. | Proven success working with large data sets and developing statistical models. | Fascinated and interested in advancing machine learning within the trading community. | Possess strong familiarity with Python, R or MATLAB along with development skills to support research efforts. | Masters or PhD in Statistics, Physics, Mathematics (or related subject). | Desire to work within a collaborative, team-driven environment. | Reliable and predictable availability",https://www.jumptrading.com/hr/job?gh_jid=3115552,2026-07-22
Quantitative Researcher | Trading Team,Jump Trading,Full-Time,Quantitative Research,No,"$250,000",New York City,"Jump Trading Group is committed to world class research. We empower exceptional talents in Mathematics, Physics, and Computer Science to seek scientific boundaries, push through them, and apply cutting edge research to global financial markets. Our culture is unique. Constant innovation requires fearlessness, creativity, intellectual honesty, and a relentless competitive streak. We believe in winning together and unlocking unique individual talent by incentivizing collaboration and mutual respect. At Jump, research outcomes drive more than superior risk adjusted returns. We design, develop, and deploy technologies that change our world, fund start-ups across industries, and partner with leading global research organizations and universities to solve problems. At Jump, we bring together world class talent, battle tested infrastructure, and serious research intensity to build and scale…","Creativity. Seeing things where others do not requires creativity and a willingness to try new things in ways others may not have thought of, yet. | Resilience. Successful research is the result of lots of failure, and intellectual risk taking. | STEM Research foundations: Undergraduate and graduate work in Computer Science, Statistics, Physics, Mathematics (or adjacent) | Our work welcomes expertise in C++ and Python…either works…and both is better. Applied programming skills in our research teams means breaking down data sets, and machine learning. | Prior experience in stat arb equities: all disciplines in new feature creation, portfolio construction and optimization, and execution are relevant and attractive.",https://www.jumptrading.com/hr/job?gh_jid=7294191,2026-07-22
"Quantitative Trader, Trading Team",Jump Trading,Full-Time,Quantitative Trading,No,,Singapore,"Jump Trading Group is committed to world class research. We empower exceptional talents in Mathematics, Physics, and Computer Science to seek scientific boundaries, push through them, and apply cutting edge research to global financial markets. Our culture is unique. Constant innovation requires fearlessness, creativity, intellectual honesty, and a relentless competitive streak. We believe in winning together and unlocking unique individual talent by incenting collaboration and mutual respect. At Jump, research outcomes drive more than superior risk adjusted returns. We design, develop, and deploy technologies that change our world, fund start-ups across industries, and partner with leading global research organizations and universities to solve problems. The quantitative trading teams at Jump probe and examine the global markets, seeking to understand the complexities of various traded…","Highly analytical mind - capable of thinking critically, identifying patterns and making decisions | Inquisitive and self-driven - keen to dive into the complex world of HFT and find ways to improve the business | Strong desire to learn about the financial markets (both microstructure and macro) | 2+ years of programming / software engineering experience – Python preferred. | Good understanding of Linux administration. | Strong communication / written skills- able to travel and network within a global organization | Reliable and predictable availability",https://www.jumptrading.com/hr/job?gh_jid=5870604,2026-07-22
Research Scientist/Research Engineer | Deep Learning,Jump Trading,Full-Time,Quantitative Research,No,"$200,000","Chicago, New York, London","Jump Trading Group is committed to world class research. We empower exceptional talents in Mathematics, Physics, and Computer Science to seek scientific boundaries, push through them, and apply cutting edge research to global financial markets. Our culture is unique. Constant innovation requires fearlessness, creativity, intellectual honesty, and a relentless competitive streak. We believe in winning together and unlocking unique individual talent by incenting collaboration and mutual respect. At Jump, research outcomes drive more than superior risk adjusted returns. We design, develop, and deploy technologies that change our world, fund start-ups across industries, and partner with leading global research organizations and universities to solve problems. The quantitative trading teams at Jump Trading probe and examine the global markets, seeking to understand the complexities of…","5+ years of experience in developing DL systems with measurable impact in industry and/or academia | Creative thinkers who are driven, self-motivated, and eager to solve challenging problems | Proficiency in Python and/or C++ | Strong foundation in mathematics and statistics | Ability to thrive in a collaborative, team-oriented environment | PhD, or Master's degree in Computer Science, Mathematics, (or related subject) | Strong publications record at ICML, ICLR, AAAI, NeurIPS, UAI, KDD, or equivalent | Reliable and predictable availability | Excellent written and verbal communication skills in English",https://www.jumptrading.com/hr/job?gh_jid=6032511,2026-07-22
Software Engineer,Jump Trading,Full-Time,Quantitative Development,No,,Sydney,"Jump Trading Group is committed to world class research. We empower exceptional talents in Mathematics, Physics, and Computer Science to seek scientific boundaries, push through them, and apply cutting edge research to global financial markets. Our culture is unique. Constant innovation requires fearlessness, creativity, intellectual honesty, and a relentless competitive streak. We believe in winning together and unlocking unique individual talent by incenting collaboration and mutual respect. At Jump, research outcomes drive more than superior risk adjusted returns. We design, develop, and deploy technologies that change our world, fund start-ups across industries, and partner with leading global research organizations and universities to solve problems. The quantitative trading teams at Jump Trading probe and examine the global markets, seeking to understand the complexities of…","At least 5+ years of professional work experience with Python on large distributed systems | Experience working on a Linux platform | Proven success working with large data sets | Strong analytical and problem-solving skills | Intellectual curiosity | Self-directed and comfortable taking ownership of projects and responsibilities | Minimum academic qualification: Bachelor’s degree in Computer Science or Computer Engineering, or equivalent | Reliable and predictable availability | If you are currently a student or recent graduate, please see our Campus postings which offer both intern and full-time opportunities.",https://www.jumptrading.com/hr/job?gh_jid=7809758,2026-07-22
Software Engineer | GUI,Jump Trading,Full-Time,Quantitative Development,No,"$200,000",Chicago,"Job description:Jump Trading Group is committed to world class research. We empower exceptional talents in Mathematics, Physics, and Computer Science to seek scientific boundaries, push through them, and apply cutting edge research to global financial markets. Our culture is unique. Constant innovation requires fearlessness, creativity, intellectual honesty, and a relentless competitive streak. We believe in winning together and unlocking unique individual talent by incentivizing collaboration and mutual respect. At Jump, research outcomes drive more than superior risk adjusted returns. We design, develop, and deploy technologies that change our world, fund start-ups across industries, and partner with leading global research organizations and universities to solve problems. Jump Trading has a global team of technologists who architect, build and maintain our world-class trading…",,https://www.jumptrading.com/hr/job?gh_jid=7662486,2026-07-22
Software Engineer | Market Data Systems,Jump Trading,Full-Time,Quantitative Development,No,"$200,000",Chicago,"Jump Trading Group is committed to world class research. We empower exceptional talents in Mathematics, Physics, and Computer Science to seek scientific boundaries, push through them, and apply cutting edge research to global financial markets. Our culture is unique. Constant innovation requires fearlessness, creativity, intellectual honesty, and a relentless competitive streak. We believe in winning together and unlocking unique individual talent by incenting collaboration and mutual respect. At Jump, research outcomes drive more than superior risk adjusted returns. We design, develop, and deploy technologies that change our world, fund start-ups across industries, and partner with leading global research organizations and universities to solve problems. Core Development is a global team of technologists who architect, build and maintain our world-class trading platform. From…",,https://www.jumptrading.com/hr/job?gh_jid=7847009,2026-07-22
Software Engineer | Trading Team,Jump Trading,Full-Time,Quantitative Development,No,,Shanghai,"Jump Trading Group is committed to world class research. We empower exceptional talents in Mathematics, Physics, and Computer Science to seek scientific boundaries, push through them, and apply cutting edge research to global financial markets. Our culture is unique. Constant innovation requires fearlessness, creativity, intellectual honesty, and a relentless competitive streak. We believe in winning together and unlocking unique individual talent by incenting collaboration and mutual respect. At Jump, research outcomes drive more than superior risk adjusted returns. We design, develop, and deploy technologies that change our world, fund start-ups across industries, and partner with leading global research organizations and universities to solve problems. Our trading teams are each comprised of a dynamic group of traders, quantitative researchers, and engineers who work together to…","Bachelor's or Master's degree in Computer Science, Engineering, or a related field | At least 5+ years of experience in C++ development, with expertise in algorithmic trading systems | Track record of developing, deploying, and maintaining market order execution algorithms | People have designed/implemented large-scale big data processing/modeling systems on high-performance-computing-cluster etc. | Exceptional problem-solving skills and an analytical mindset | Detail-oriented with a strong commitment to testing and quality assurance | Excellent communication and interpersonal skills, with a humble and cooperative attitude | Team player who values collaboration and shared success | Reliable and predictable availability",https://www.jumptrading.com/hr/job?gh_jid=7929540,2026-07-22
"Trading Services Specialist, Client Market Making | JLIQ",Jump Trading,Full-Time,Quantitative Trading,No,,London,"Jump Trading Group is committed to world class research. We empower exceptional talents in Mathematics, Physics, and Computer Science to seek scientific boundaries, push through them, and apply cutting edge research to global financial markets. Our culture is unique. Constant innovation requires fearlessness, creativity, intellectual honesty, and a relentless competitive streak. We believe in winning together and unlocking unique individual talent by incentivizing collaboration and mutual respect. At Jump, research outcomes drive more than superior risk adjusted returns. We design, develop, and deploy technologies that change our world, fund start-ups across industries, and partner with leading global research organizations and universities to solve problems. Jump’s Client Market Making business provides clients with direct access to our liquidity across a wide range of asset classes in…","Bachelor’s degree with demonstrated experience in a fast-paced, client-facing trading environment. | 3-10 years of relevant experience with trading systems, order entry protocols, market data protocols, troubleshooting technical issues and providing production support. | Strong understanding of the client onboarding lifecycle, including FIX protocol, conformance testing, and network routing. | Product expertise in at least one asset class (e.g., FX, Fixed income). | Proven ability to successfully lead and complete technical projects. | Experience with data analysis using tools like SQL is a must; experience with Python and/or KDB+ is a nice to have but not a must | Flexibility to collaborate across time zones, including occasional off-hours work. | Reliable and predictable availability",https://www.jumptrading.com/hr/job?gh_jid=8051325,2026-07-22
Junior Quantitative Developer & Strategist,Akuna Capital,Full-Time,Quantitative Development,No,"$145,000","Chicago, IL ",,"Bachelors, masters, or PhD degree in a technical field – Engineering, Computer Science, Math, Physics (or related subject) must be completed upon employment | Strong Python programming background | Experience in object-oriented programming | Exposure to linear algebra and introductory statistics | Desire and ability to learn the intricacies of financial markets | Must be graduating August 2027 or prior | GPA of 3.5 or above | Legal authorization to work in the U.S. is required on the first day of employment including F-1 students using OPT or STEM | Experience with generic and/or parallel programming | Deeper understanding of any of the following fields: Linear Algebra, Numerical Methods, Statistics, Optimization, Signal Processing, Computer Architecture, Machine Learning, Heterogeneous/High Performance computing | The ability to react quickly and accurately to rapidly changing market…",https://www.akunacapital.com/careers/job/8016687/?gh_jid=8016687,2026-07-22
Junior Quantitative Researcher,Akuna Capital,Full-Time,Quantitative Research,No,"$145,000","Chicago, IL ",,"Bachelors, masters, or PhD in a technical field – Engineering, Statistics, Computer Science, Mathematics, Physics (or a related subject) must be completed upon employment | Expertise in statistics and machine learning | Experience building mathematical models for complex real-world problems | Intermediate programming skills in Python | The ability to react quickly and accurately to rapidly changing market conditions, including the ability to quickly and accurately respond and/or solve math and coding problems are essential functions of the role | Financial experience is not a requirement | Must be graduating August 2027 or prior | GPA of 3.5 or above | Legal authorization to work in the U.S. is required on the first day of employment including F-1 students using OPT or STEM | **Resumes must be submitted in PDF format. | In addition to technical skillsets, Akuna values the unique…",https://www.akunacapital.com/careers/job/8036541/?gh_jid=8036541,2026-07-22
Junior Quantitative Researcher - Prediction Markets,Akuna Capital,Full-Time,Quantitative Research,No,"$145,000","Chicago, IL",,"Bachelor’s, Master’s, or PhD degree in a technical field, such as Engineering, Computer Science, Mathematics, or Physics (or a related subject) | Proficient programming skills in Python (C++ is a plus) | Deep understanding of fields such as Linear Algebra, Numerical Methods, Statistics, Optimization, and Machine Learning | Strong interest in sports and quantitative modeling. | We are especially interested in high agency individuals who are keenly interested in sports and prediction markets. Previous experience at a trading firm is valued but not necessary. If you have a strong quantitative background, have been working on personal projects trading Kalshi or Polymarket, and you want the opportunity to grow at a company with deep trading expertise, we want to hear from you! | In addition to technical skillsets, Akuna values the unique perspectives people can bring to the table to…",https://www.akunacapital.com/careers/job/7863348/?gh_jid=7863348,2026-07-22
Junior Quantitative Risk Analyst,Akuna Capital,Full-Time,Quantitative Finance,No,"$90,000",Chicago,,"Finance experience or some knowledge of options theory | Programming experience (e.g., Python); SQL is preferred but not required | Numerical problem-solving and programming skills | Independent thinker, motivated with great attention to detail | A degree in a quantitative field, or evidence of mathematical and quantitative skill | The ability to react quickly and accurately to rapidly changing market conditions, including the ability to quickly and accurately respond and/or solve math and coding problems are essential functions of the role | In addition to technical skillsets, Akuna values the unique perspectives people can bring to the table to collaboratively solve complex problems and drive Akuna forward. We want everyone to feel empowered to apply. We welcome your application and encourage you to take the first steps toward your future with us! | In accordance with Illinois Equal…",https://www.akunacapital.com/careers/job/8035515/?gh_jid=8035515,2026-07-22
Quantitative Researcher,Akuna Capital,Full-Time,Quantitative Research,No,"$145,000","Chicago, IL",,"3+ years of strong professional work experience in statistics, machine learning or related area | BS/MS/PhD degree in a technical field – Engineering, Computer Science, Math, Physics, or similar | Proven research background in academic or professional environment | Programming experience in Python or C++ | Expertise in statistics and machine learning | Financial experience or knowledge of trading is a plus | The ability to react quickly and accurately to rapidly changing market conditions, including the ability to quickly and accurately respond and/or solve math and coding problems are essential functions of the role | In addition to technical skillsets, Akuna values the unique perspectives people can bring to the table to collaboratively solve complex problems and drive Akuna forward. We want all groups to feel empowered to apply, even if you don’t meet every qualification. We welcome…",https://www.akunacapital.com/careers/job/7496416/?gh_jid=7496416,2026-07-22
Quantitative Researcher - Prediction Markets,Akuna Capital,Full-Time,Quantitative Research,No,"$145,000","Chicago, IL","Akuna Capital is an innovative trading firm with a strong focus on collaboration, cutting-edge technology, data driven solutions, and automation. We specialize in providing liquidity as an options market maker – meaning we are committed to providing competitive quotes that we are willing to both buy and sell. To do this successfully, we design and implement our own low latency technologies, trading strategies, and mathematical models. Our Founding Partners first conceptualized Akuna in their hometown of Sydney. They opened the firm’s first office in 2011 in the heart of the derivatives industry and the options capital of the world – Chicago. Today, Akuna is proud to operate from additional offices in Sydney, Shanghai, London, and Singapore.","Bachelor’s, Master’s, or PhD degree in a technical field, such as Engineering, Computer Science, Mathematics, or Physics (or a related subject) | Proficient programming skills in Python (C++ is a plus) | 2+ years of experience in a quantitative or programming role, preferably within the trading sector. | Deep understanding of fields such as Linear Algebra, Numerical Methods, Statistics, Optimization, and Machine Learning | Strong interest in sports and quantitative modeling. | We are especially interested in high agency individuals who have practical experience in financial markets and see the recent rise in prediction markets as an opportunity to ply their trade to a new domain they find more dynamic and exciting: sports. If you are a working quant and a sports data nerd, we want to hear from you! | In addition to technical skillsets, Akuna values the unique perspectives people can…",https://www.akunacapital.com/careers/job/7846695/?gh_jid=7846695,2026-07-22
"Quantitative Research Intern, Summer 2027",Akuna Capital,Internship,Quantitative Research,No,"$145,000","Chicago, IL ",,"Pursuing a bachelor’s, masters or PhD in Statistics, Computer Science, Engineering, Mathematics (or a related subject) | Expertise in statistics and machine learning | Experience building mathematical models for complex real-world problems | Intermediate programming skills in Python | The ability to react quickly and accurately to rapidly changing market conditions, including the ability to quickly and accurately respond and/or solve math and coding problems are essential functions of the role | Financial experience is not a requirement | Must graduate by August 2028 | GPA of 3.5 or above | Legal authorization to work in the U.S. is required on the first day of employment including F-1 students using CPT, OPT or STEM | **Resumes must be submitted in PDF format. | In addition to technical skillsets, Akuna values the unique perspectives people can bring to the table to collaboratively…",https://www.akunacapital.com/careers/job/8036614/?gh_jid=8036614,2026-07-22
Quantitative Trader,Akuna Capital,Full-Time,Quantitative Trading,No,,Singapore,,"3+ years of professional work experience in Options Trading or related field | BS/MS/PhD in a technical field – Engineering, Statistics, Computer Science, Mathematics, Physics, or similar | Understanding of advanced Mathematics: Calculus, Probability, Linear Algebra, Statistics and Optimization | Working knowledge of statistical analysis, numerical linear algebra, machine learning or convex optimization | Intermediate programming skills in Python (C++ is a plus)",https://www.akunacapital.com/careers/job/6527972/?gh_jid=6527972,2026-07-22
Software Engineer - C++,Akuna Capital,Full-Time,Quantitative Development,No,"$145,000","Chicago, IL",,"3+ years of experience developing performant, scalable applications in modern C++ (and at least 2 years with C++ 20 or 23; template metaprogramming a plus) | Experience with Linux and Python required | Understanding of data structures, algorithms, distributed systems, multi-threading, and asynchronous execution | Object-oriented design and programming experience | Ability to take on projects and drive them through to completion in a timely manner | Familiarity with trading and trading systems is a plus | Bachelor’s degree in Computer Science, Engineering, Math, or equivalent | The ability to react quickly and accurately to rapidly changing market conditions, including the ability to quickly and accurately respond and/or solve math and coding problems are essential functions of the role | In addition to technical skillsets, Akuna values the unique perspectives people can bring to the…",https://www.akunacapital.com/careers/job/7496397/?gh_jid=7496397,2026-07-22
Software Engineer - Data Engineering,Akuna Capital,Full-Time,Quantitative Development,No,"$145,000","Chicago, IL",,"BS/MS/PhD in Computer Science, Engineering, Physics, Math, or equivalent technical field | 5+ years of professional experience developing software applications | Java/Scala experience required – Python experience a significant plus | Highly motivated and willing to take ownership of high-impact projects upon arrival | Prior hands-on experience with data platforms and technologies such as Delta Lake, Spark, Kubernetes, Kafka, ClickHouse, and/or Presto/Trino | Experience building large-scale batch and streaming pipelines with strict SLA and data quality requirements | Must possess excellent communication, analytical, and problem-solving skills | Demonstrated experience working with diverse data sets and frameworks across multiple domains – financial data experience not required, but a strong plus | Recent hands-on experience with AWS Cloud development, deployment and monitoring necessary…",https://www.akunacapital.com/careers/job/7496411/?gh_jid=7496411,2026-07-22
Software Engineer (Entry-Level) - C++,Akuna Capital,Full-Time,Quantitative Development,No,"$145,000","Chicago, IL",,"Pursuing a bachelor’s, master’s, or Ph.D. in a technical field (computer science/engineering, math, physics, or equivalent) | Graduating by August 2027 | Legal authorization to work in the U.S. as of the first day of employment, including F-1 students using OPT or STEM | Previous experience in finance or trading is not required. Many of our engineers joined Akuna with little-to-no prior knowledge of the markets, and we pride ourselves on our ability to onboard those new to the industry. Training and continuous education are provided for all engineers to ensure they can build the requisite technical and non-technical skillset for success. | Qualities That Make a Great C++ Software Engineer Candidate | Experience programming in modern C++ (C++20 or later; C++23 preferred) | Experience with several of the following | Distributed systems | Parallel processing | Asynchronous architectures |…",https://www.akunacapital.com/careers/job/8013085/?gh_jid=8013085,2026-07-22
Software Engineer (Entry-Level) - Python,Akuna Capital,Full-Time,Quantitative Development,No,"$145,000","Chicago, IL",,"Pursuing a bachelor’s, master’s, or Ph.D. in a technical field (computer science/engineering, math, physics, or equivalent) | Graduating by August 2027 | Major GPA of 3.5 or above | Legal authorization to work in the U.S. is required on the first day of employment including F-1 students using OPT or STEM | Previous experience in finance or trading is not required. Many of our engineers joined Akuna with little-to-no prior knowledge of the markets, and we pride ourselves on our ability to onboard those new to the industry. Training and continuous education are provided for all engineers to ensure they can build the requisite technical and non-technical skillset for success. | Strong programming skills in Object-Oriented Python Development | Demonstrated experience with distributed systems | Strong analytical and problem-solving skills | Ability to communicate with the trading team,…",https://www.akunacapital.com/careers/job/8013230/?gh_jid=8013230,2026-07-22
"Software Engineer Intern - C# .NET Desktop, Summer 2027",Akuna Capital,Internship,Quantitative Development,No,"$145,000","Chicago, IL",,"Pursuing a Bachelor’s, master’s, or Ph.D. in a technical field – Computer Science/Engineering or equivalent | Graduating by August 2028 | Major GPA of 3.5 or above | Legal authorization to work in the U.S. is required on the first day of employment including F-1 students using OPT or STEM | Previous experience in finance or trading is not required. Many of our engineers joined Akuna with little-to-no prior knowledge of the markets, and we pride ourselves on our ability to onboard those new to the industry. Training and continuous education are provided for all engineers to ensure they can build the requisite technical and non-technical skillset for success. | Understanding of .NET Framework and C# programming language | Familiarity with WinForm or WPF applications is a plus | Familiarity in object-oriented programming and design patterns | Familiarity with version control systems (e.g.,…",https://www.akunacapital.com/careers/job/8018886/?gh_jid=8018886,2026-07-22
"Software Engineer Intern - C++, Summer 2027",Akuna Capital,Internship,Quantitative Development,No,"$145,000","Chicago, IL",,"Pursuing a bachelor’s, master’s, or Ph.D. in a technical field (computer science/engineering, math, physics, or equivalent) | Graduating by August 2028 | Legal authorization to work in the U.S. as of the first day of employment, including F-1 students using OPT or STEM | Previous experience in finance or trading is not required. Many of our engineers joined Akuna with little-to-no prior knowledge of the markets, and we pride ourselves on our ability to onboard those new to the industry. Training and continuous education are provided for all engineers to ensure they can build the requisite technical and non-technical skillset for success. | Qualities That Make a Great C++ Software Engineer Candidate | Experience programming in modern C++ (C++20 or later; C++23 preferred) | Experience with several of the following | Distributed systems | Parallel processing | Asynchronous architectures |…",https://www.akunacapital.com/careers/job/8018847/?gh_jid=8018847,2026-07-22
"Software Engineer Intern - Full Stack Web, Summer 2027",Akuna Capital,Internship,Quantitative Development,No,"$145,000","Chicago, IL",,"Pursuing a Bachelors, Masters, or Ph.D. in technical field – Computer Science/Engineering or equivalent | Graduating by August 2028 | Major GPA of 3.5 or above | Legal authorization to work in the U.S. is required on the first day of employment including F-1 students using OPT or STEM | Previous experience in finance or trading is not required. Many of our engineers joined Akuna with little-to-no prior knowledge of the markets, and we pride ourselves on our ability to onboard those new to the industry. Training and continuous education are provided for all engineers to ensure they can build the requisite technical and non-technical skillset for success. | Understanding of web programming languages (JavaScript, TypeScript, Python, HTML/CSS) | Familiarity with Linux and a command-line shell | Understanding of unit testing concepts and frameworks (e.g., pytest, Jest, Storybook) |…",https://www.akunacapital.com/careers/job/8018893/?gh_jid=8018893,2026-07-22
"Software Engineer Intern - Python, Summer 2027",Akuna Capital,Internship,Quantitative Development,No,"$145,000","Chicago, IL",,"Pursuing a bachelor’s, master’s, or Ph.D. in a technical field (Computer Science/Engineering, Math, Physics, or equivalent) | Graduating by August 2028 | Major GPA of 3.5 or above | Legal authorization to work in the U.S. is required on the first day of employment including F-1 students using OPT or STEM | Previous experience in finance or trading is not required. Many of our engineers joined Akuna with little-to-no prior knowledge of the markets, and we pride ourselves on our ability to onboard those new to the industry. Training and continuous education are provided for all engineers to ensure they can build the requisite technical and non-technical skillset for success. | Strong programming skills in Object-Oriented Python Development | Demonstrated experience with distributed systems | Strong analytical and problem-solving skills | Ability to communicate with the trading team,…",https://www.akunacapital.com/careers/job/8018853/?gh_jid=8018853,2026-07-22
Développeur de Logiciels / Software Developer,Tower Research Capital,Full-Time,Quantitative Development,No,,Montreal,,"Bachelor's degree in Computer Science, Information Technology, or a related field, or equivalent work experience | At least 5-10 years of experience | A strong background in network programing, multi-threading, data structures, algorithms, and object-oriented programming in Rust and/or C++ and Python | Experience making significant contributions to several greenfield projects | Strong Experience with database systems such as SQL, NoSQL, vector | Familiarity with trading environment (asset classes, execution) | Familiarity with Arrow/Parquet data lake architectures (e.g., Iceberg) and processing (DuckDb, Acero, etc.) | Familiarity with Kubernetes and Cloud deployments (e..g, GCP, AWS) | This position requires proficiency in both French and English, both spoken and written. English proficiency is required as the position involves regular interactions with international anglophone team…",https://www.tower-research.com/open-positions/?gh_jid=7949810,2026-07-22
Experienced Quantitative Trader,Tower Research Capital,Full-Time,Quantitative Trading,No,"$150,000- $250,000,",Multiple Locations,"Tower Research Capital is a leading quantitative trading firm founded in 1998. Tower has built its business on a high-performance platform and independent trading teams. We have a 25+ year track record of innovation and a reputation for discovering unique market opportunities. Tower is home to some of the world’s best systematic trading and engineering talent. We empower portfolio managers to build their teams and strategies independently while providing the economies of scale that come from a large, global organization. Engineers thrive at Tower while developing electronic trading infrastructure at a world class level. Our engineers solve challenging problems in the realms of low-latency programming, FPGA technology, hardware acceleration and machine learning. Our ongoing investment in top engineering talent and technology ensures our platform remains unmatched in terms of…","A Bachelors, Masters or PhD degree in Mathematics, Statistics, Computer Science or equivalent STEM degree | A strategy that is currently and consistently profitable, we are open to all markets and asset class categories | Experience leading a team and/or playing an integral role on a successful team | Excellent Return on Capital (ROC) | A proven track record (not just back-test data) | Experience at a proprietary trading firm, hedge fund or bank | Strong communication skills to liaise with various departments at Tower including but not limited to Executive Leadership, Compliance, Risk, Engineering, HR and Legal | Anticipated New York and Chicago annual base salary range $150,000- $250,000, plus eligible for bonus(es).",https://www.tower-research.com/open-positions/?gh_jid=16619,2026-07-22
Ingénieur de logiciels chevronné (C++) / Experienced Software Developer (C++),Tower Research Capital,Full-Time,Quantitative Development,No,,Montréal,"Designing and implementing a high-frequency trading platform, which includes collecting quotes and trades from and disseminating orders to exchanges around the world Optimizing this platform by using network and systems programming, as well as other advanced techniques to minimize latency Developing systems that provide easy access to historical market data and trading simulations Creating tools to analyze data for patterns Building risk-management and performance-tracking tools Shaping the future of the Core Engineering team through regular interviewing and occasional campus recruiting trips","A degree in a technical field | A strong background in data structures, algorithms, and object-oriented programming in C++ | Brilliant problem-solving abilities | The ability to manage multiple tasks in a fast-paced environment | Strong communication skills | Working knowledge of Linux | Knowledge of any other development language, including Java, Python, or Perl and Shell scripts (a plus) | This position requires proficiency in both French and English, both spoken and written. English proficiency is required as the position involves regular interactions with international anglophone team members. | Financial experience is not required.",https://www.tower-research.com/open-positions/?gh_jid=3878081,2026-07-22
Quantitative Developer,Tower Research Capital,Full-Time,Quantitative Development,No,,Singapore,"Tower Research Capital is a leading quantitative trading firm founded in 1998. Tower has built its business on a high-performance platform and independent trading teams. We have a 25+ year track record of innovation and a reputation for discovering unique market opportunities. Tower is home to some of the world’s best systematic trading and engineering talent. We empower portfolio managers to build their teams and strategies independently while providing the economies of scale that come from a large, global organization. Engineers thrive at Tower while developing electronic trading infrastructure at a world class level. Our engineers solve challenging problems in the realms of low-latency programming, FPGA technology, hardware acceleration and machine learning. Our ongoing investment in top engineering talent and technology ensures our platform remains unmatched in terms of…","Bachelor's degree in Computer Science, Engineering, or a related field (or equivalent practical experience). A Master's degree is preferred | Very good knowledge of Python language and statistical libraries like Numpy, Pandas, Polars | Minimum 2 years experience in Python development | Strong problem-solving skills and the ability to work in a fast-paced, collaborative and geographically distributed environment | Excellent communication and teamwork abilities",https://www.tower-research.com/open-positions/?gh_jid=5733830,2026-07-22
Quantitative Developer,Tower Research Capital,Full-Time,Quantitative Development,No,,Gurgaon,"Tower Research Capital is a leading quantitative trading firm founded in 1998. Tower has built its business on a high-performance platform and independent trading teams. We have a 25+ year track record of innovation and a reputation for discovering unique market opportunities.Tower is home to some of the world’s best systematic trading and engineering talent. We empower portfolio managers to build their teams and strategies independently while providing the economies of scale that come from a large, global organization.Engineers thrive at Tower while developing electronic trading infrastructure at a world class level. Our engineers solve challenging problems in the realms of low-latency programming, FPGA technology, hardware acceleration and machine learning. Our ongoing investment in top engineering talent and technology ensures our platform remains unmatched in terms of functionality,…","Minimum of 2 years of demonstrated and on the job software development experience preferably in C++ | A bachelor's degree or equivalent in computer science or a related field | Knowledge of Linux | Strong background in C/C++ and Python | Strong troubleshooting and problem-solving abilities | The ability to manage multiple tasks in a fast-paced environment | The willingness to take on tasks both big and small | Excellent communication skills and fluency in English | Financial experience is not required. | Benefits:Tower’s headquarters are in the historic Equitable Building, right in the heart of NYC’s Financial District and our impact is global, with over a dozen offices around the world.At Tower, we believe work should be both challenging and enjoyable. That is why we foster a culture where smart, driven people thrive – without the egos. Our open concept workplace, casual dress code,…",https://www.tower-research.com/open-positions/?gh_jid=7102180,2026-07-22
Quantitative Developer (C++),Tower Research Capital,Full-Time,Quantitative Development,No,,"Hong Kong, Shanghai","Tower Research Capital is a leading quantitative trading firm founded in 1998. Tower has built its business on a high-performance platform and independent trading teams. We have a 25+ year track record of innovation and a reputation for discovering unique market opportunities. Tower is home to some of the world’s best systematic trading and engineering talent. We empower portfolio managers to build their teams and strategies independently while providing the economies of scale that come from a large, global organization. Engineers thrive at Tower while developing electronic trading infrastructure at a world class level. Our engineers solve challenging problems in the realms of low-latency programming, FPGA technology, hardware acceleration and machine learning. Our ongoing investment in top engineering talent and technology ensures our platform remains unmatched in terms of…","1-5 years of practical experience with C++ and 1-2 years of meaningful experience with Python | A strong background in data structures, algorithms, and object-oriented programming | Demonstrated academic excellence | Strong working knowledge of Linux, and some SQL knowledge | Brilliant detail oriented problem-solving abilities | Passion for innovation and building systems from the ground up | A self-starter attitude with the ability to work independently and own problems | The ability to manage multiple tasks and make decisions in a fast-paced environment | Strong communication skills in English for business purposes",https://www.tower-research.com/open-positions/?gh_jid=6296510,2026-07-22
"Quantitative Developer, C++ - Trading Teams EMEA",Tower Research Capital,Full-Time,Quantitative Development,No,,London,"Tower Research Capital is a leading quantitative trading firm founded in 1998. Tower has built its business on a high-performance platform and independent trading teams. We have a 25+ year track record of innovation and a reputation for discovering unique market opportunities. Tower is home to some of the world’s best systematic trading and engineering talent. We empower portfolio managers to build their teams and strategies independently while providing the economies of scale that come from a large, global organization. Engineers thrive at Tower while developing electronic trading infrastructure at a world class level. Our engineers solve challenging problems in the realms of low-latency programming, FPGA technology, hardware acceleration and machine learning. Our ongoing investment in top engineering talent and technology ensures our platform remains unmatched in terms of…","Bachelor's, Masters or PhD in Computer Science, Engineering, or a related field (or equivalent practical experience) | A strong background in data structures, algorithms, and object-oriented programming in C++ | Brilliant problem-solving abilities | The ability to manage multiple tasks in a fast-paced environment | Strong communication skills | Python and/or financial markets experience is preferred but not required",https://www.tower-research.com/open-positions/?gh_jid=7080209,2026-07-22
Quantitative Developer Intern - Summer 2027,Tower Research Capital,Internship,Quantitative Development,No,"$3,500-5,700","New York, Chicago","Tower Research Capital is a leading quantitative trading firm founded in 1998. Tower has built its business on a high-performance platform and independent trading teams. We have a 25+ year track record of innovation and a reputation for discovering unique market opportunities.Tower is home to some of the world’s best systematic trading and engineering talent. We empower portfolio managers to build their teams and strategies independently while providing the economies of scale that come from a large, global organization. Engineers thrive at Tower while developing electronic trading infrastructure at a world class level. Our engineers solve challenging problems in the realms of low-latency programming, FPGA technology, hardware acceleration and machine learning. Our ongoing investment in top engineering talent and technology ensures our platform remains unmatched in terms of…","Bachelor’s, Master’s, or PhD student | Majoring in computer science, mathematics, physics, electrical engineering, or related fields | Proficient in an object-oriented programming language (C++ and Python preferred) | A working knowledge of Linux/Unix | Strong problem-solving abilities | A passion for new technologies and ideas | The ability to manage multiple tasks in a fast-paced environment | Strong communication skills | Interest in financial markets | Past industry experience | Experience as a Teaching Assistant and/or participation in relevant Olympiads | Familiarity with machine learning, data analysis, market research and data modeling | Anticipated New York and Chicago weekly base salary range $3,500-5,700.",https://www.tower-research.com/open-positions/?gh_jid=8044334,2026-07-22
"Quantitative Developer, Python",Tower Research Capital,Full-Time,Quantitative Development,No,"$150,000-$200,000,",New York,"Tower Research Capital is a leading quantitative trading firm founded in 1998. Tower has built its business on a high-performance platform and independent trading teams. We have a 25+ year track record of innovation and a reputation for discovering unique market opportunities. Tower is home to some of the world’s best systematic trading and engineering talent. We empower portfolio managers to build their teams and strategies independently while providing the economies of scale that come from a large, global organization. Engineers thrive at Tower while developing electronic trading infrastructure at a world class level. Our engineers solve challenging problems in the realms of low-latency programming, FPGA technology, hardware acceleration and machine learning. Our ongoing investment in top engineering talent and technology ensures our platform remains unmatched in terms of…","Bachelor's degree in Computer Science, Engineering, or a related field (or equivalent practical experience). A Master's degree is preferred | Strong knowledge and hands-on experience in Python | Experience in C++ Development | Minimum 3 years experience of production Python development | Experience with statistical libraries like Numpy, Pandas, and Polars | Strong problem-solving skills and the ability to work in a fast-paced, collaborative and geographically distributed environment | Excellent communication and teamwork abilities | Experience with scripting languages such as Bash | Experience with workflow management and task scheduling | Good knowledge of both Equities and Equity Derivatives trading | Anticipated New York annual base salary of $150,000-$200,000, plus eligible for discretionary bonus",https://www.tower-research.com/open-positions/?gh_jid=6384976,2026-07-22
"Quantitative Developer, Python - Trading Teams EMEA",Tower Research Capital,Full-Time,Quantitative Development,No,,London,"Tower Research Capital is a leading quantitative trading firm founded in 1998. Tower has built its business on a high-performance platform and independent trading teams. We have a 25+ year track record of innovation and a reputation for discovering unique market opportunities. Tower is home to some of the world’s best systematic trading and engineering talent. We empower portfolio managers to build their teams and strategies independently while providing the economies of scale that come from a large, global organization. Engineers thrive at Tower while developing electronic trading infrastructure at a world class level. Our engineers solve challenging problems in the realms of low-latency programming, FPGA technology, hardware acceleration and machine learning. Our ongoing investment in top engineering talent and technology ensures our platform remains unmatched in terms of…","Bachelor's, Masters or PhD in Computer Science, Engineering, or a related field (or equivalent practical experience) | Excellent knowledge of Python language and statistical libraries like Numpy, Pandas, Polars | Demonstrable experience in Python in a production environment | Strong problem-solving skills and the ability to work in a fast-paced, collaborative and geographically distributed environment | Excellent communication and teamwork abilities | Experience with workflow management and task scheduling | Experience in C++, Scripting languages such as Bash, and/or financial markets is preferred but not required",https://www.tower-research.com/open-positions/?gh_jid=7080219,2026-07-22
Quantitative Researcher,Tower Research Capital,Full-Time,Quantitative Research,No,,Hong Kong,"Tower Research Capital is a leading quantitative trading firm founded in 1998. Tower has built its business on a high-performance platform and independent trading teams. We have a 25+ year track record of innovation and a reputation for discovering unique market opportunities. Tower is home to some of the world’s best systematic trading and engineering talent. We empower portfolio managers to build their teams and strategies independently while providing the economies of scale that come from a large, global organization. Engineers thrive at Tower while developing electronic trading infrastructure at a world class level. Our engineers solve challenging problems in the realms of low-latency programming, FPGA technology, hardware acceleration and machine learning. Our ongoing investment in top engineering talent and technology ensures our platform remains unmatched in terms of…","Solid academic background in mathematics, machine learning, computer science, physics or a similar quantitative field with a strong research experience equivalent to research-oriented masters degree or ideally a PhD in the field | Strong quantitative research experience in the systematic trading space, across idea generation, research, deployment, and production analysis, with a track record of delivering impactful results | Effective programming skills and prior experience building high quality, scalable software in scripting / dynamic languages such as Python or lower level languages such as C++, ideally in both | Ability to communicate clearly and effectively both at a high level and in details",https://www.tower-research.com/open-positions/?gh_jid=6679938,2026-07-22
Quantitative Researcher,Tower Research Capital,Full-Time,Quantitative Research,No,,Shanghai,"Tower Research Capital is a leading quantitative trading firm founded in 1998. Tower has built its business on a high-performance platform and independent trading teams. We have a 25+ year track record of innovation and a reputation for discovering unique market opportunities. Tower is home to some of the world’s best systematic trading and engineering talent. We empower portfolio managers to build their teams and strategies independently while providing the economies of scale that come from a large, global organization. Engineers thrive at Tower while developing electronic trading infrastructure at a world class level. Our engineers solve challenging problems in the realms of low-latency programming, FPGA technology, hardware acceleration and machine learning. Our ongoing investment in top engineering talent and technology ensures our platform remains unmatched in terms of…","A Bachelors, Masters or PhD degree in Mathematics, Statistics, Computer Science or equivalent STEM degree | Experience in quantitative trading is preferred but not a requirement | A strong background in mathematics and statistics | Proficiency in back-testing, simulation, and statistical techniques (auto-regression, auto-correlation and Principal Component Analysis) | Solid data-mining and analysis skills, including experience dealing with a large amount of data/tick data | Familiarity with signal generation and statistical models | Strong programming skills in Python or C++",https://www.tower-research.com/open-positions/?gh_jid=7177090,2026-07-22
Quantitative Trader - 2027,Tower Research Capital,Full-Time,Quantitative Trading,No,"$150,000 - $250,000,","New York, Chicago","Tower Research Capital is a leading quantitative trading firm founded in 1998. Tower has built its business on a high-performance platform and independent trading teams. We have a 25+ year track record of innovation and a reputation for discovering unique market opportunities. Tower is home to some of the world’s best systematic trading and engineering talent. We empower portfolio managers to build their teams and strategies independently while providing the economies of scale that come from a large, global organization. Engineers thrive at Tower while developing electronic trading infrastructure at a world class level. Our engineers solve challenging problems in the realms of low-latency programming, FPGA technology, hardware acceleration and machine learning. Our ongoing investment in top engineering talent and technology ensures our platform remains unmatched in terms of…","A Bachelor’s, Master’s, or PhD degree in computer science, mathematics, physics, electrical engineering, or related fields | 0-2 years of experience | Proficient in an object-oriented programming language (C++ and Python preferred) | A working knowledge of Linux/Unix | Strong problem-solving abilities | A passion for new technologies and ideas | The ability to manage multiple tasks in a fast-paced environment | Strong communication skills | Interest in financial markets | Past industry experience | Experience as a Teaching Assistant and/or participation in relevant Olympiads | Familiarity with machine learning, data analysis, market research and data modeling | Anticipated New York and Chicago annual base salary range $150,000 - $250,000, plus eligible for discretionary bonus.",https://www.tower-research.com/open-positions/?gh_jid=8024142,2026-07-22
"Quantitative Trader Intern, PhD",Tower Research Capital,Internship,Quantitative Trading,No,"$3,500-5,700",New York,"Tower Research Capital is a leading quantitative trading firm founded in 1998. Tower has built its business on a high-performance platform and independent trading teams. We have a 25+ year track record of innovation and a reputation for discovering unique market opportunities. Tower is home to some of the world’s best systematic trading and engineering talent. We empower portfolio managers to build their teams and strategies independently while providing the economies of scale that come from a large, global organization. Engineers thrive at Tower while developing electronic trading infrastructure at a world class level. Our engineers solve challenging problems in the realms of low-latency programming, FPGA technology, hardware acceleration and machine learning. Our ongoing investment in top engineering talent and technology ensures our platform remains unmatched in terms of…","Availability for 4-6 months or 10-week summer term | PhD student focusing on mathematics, statistics, physics, electrical engineering, computer science, economics, or related fields | A strong background in C++, R, Python, or an object-oriented programming language | Strong problem-solving abilities | A passion for new technologies and ideas | The ability to manage multiple tasks in a fast-paced environment | Strong communication skills | Interest in financial markets | Past industry experience | Experience with machine learning | Anticipated New York weekly base salary range $3,500-5,700.",https://www.tower-research.com/open-positions/?gh_jid=8024138,2026-07-22
Quantitative Trader Intern - Summer 2027,Tower Research Capital,Internship,Quantitative Trading,No,"$3,500-5,700","New York, Chicago","Tower Research Capital is a leading quantitative trading firm founded in 1998. Tower has built its business on a high-performance platform and independent trading teams. We have a 25+ year track record of innovation and a reputation for discovering unique market opportunities.Tower is home to some of the world’s best systematic trading and engineering talent. We empower portfolio managers to build their teams and strategies independently while providing the economies of scale that come from a large, global organization. Engineers thrive at Tower while developing electronic trading infrastructure at a world class level. Our engineers solve challenging problems in the realms of low-latency programming, FPGA technology, hardware acceleration and machine learning. Our ongoing investment in top engineering talent and technology ensures our platform remains unmatched in terms of…","Bachelor’s, Master’s, or PhD student | Majoring in computer science, mathematics, physics, electrical engineering, or related fields | Proficient in an object-oriented programming language (C++ and Python preferred) | A working knowledge of Linux/Unix | Strong problem-solving abilities | A passion for new technologies and ideas | The ability to manage multiple tasks in a fast-paced environment | Strong communication skills | Interest in financial markets | Past industry experience | Experience as a Teaching Assistant and/or participation in relevant Olympiads | Familiarity with machine learning, data analysis, market research and data modeling | Anticipated New York and Chicago weekly base salary range $3,500-5,700.",https://www.tower-research.com/open-positions/?gh_jid=8024128,2026-07-22
Quantitative Trader / Researcher - APAC,Tower Research Capital,Full-Time,Quantitative Trading,No,,"Hong Kong, Shanghai, Singapore, Sydney","Tower Research Capital is a leading quantitative trading firm founded in 1998. Tower has built its business on a high-performance platform and independent trading teams. We have a 25+ year track record of innovation and a reputation for discovering unique market opportunities. Tower is home to some of the world’s best systematic trading and engineering talent. We empower portfolio managers to build their teams and strategies independently while providing the economies of scale that come from a large, global organization. Engineers thrive at Tower while developing electronic trading infrastructure at a world class level. Our engineers solve challenging problems in the realms of low-latency programming, FPGA technology, hardware acceleration and machine learning. Our ongoing investment in top engineering talent and technology ensures our platform remains unmatched in terms of…","A Bachelors, Masters or PhD degree in Mathematics, Statistics, Computer Science or equivalent STEM degree | Experience in quantitative trading is preferred but not a requirement | A strong background in mathematics and statistics | Proficiency in back-testing, simulation, and statistical techniques (auto-regression, auto-correlation and Principal Component Analysis) | Solid data-mining and analysis skills, including experience dealing with a large amount of data/tick data | Familiarity with signal generation and statistical models | Strong programming skills in Python or C++",https://www.tower-research.com/open-positions/?gh_jid=4958633,2026-07-22
Quantitative Trader / Researcher - EMEA,Tower Research Capital,Full-Time,Quantitative Trading,No,,"London, Paris, Amsterdam","Tower Research Capital is a leading quantitative trading firm founded in 1998. Tower has built its business on a high-performance platform and independent trading teams. We have a 25+ year track record of innovation and a reputation for discovering unique market opportunities. Tower is home to some of the world’s best systematic trading and engineering talent. We empower portfolio managers to build their teams and strategies independently while providing the economies of scale that come from a large, global organization. Engineers thrive at Tower while developing electronic trading infrastructure at a world class level. Our engineers solve challenging problems in the realms of low-latency programming, FPGA technology, hardware acceleration and machine learning. Our ongoing investment in top engineering talent and technology ensures our platform remains unmatched in terms of…","A bachelors, masters or PhD degree from a top-tier university in Mathematics, Statistics, Computer Science, or equivalent STEM degree | Experience in high-frequency trading or quantitative trading is preferred but not a requirement | A strong background in mathematics and statistics | Proficiency in back-testing, simulation, and statistical techniques (auto-regression, auto-correlation, and Principal Component Analysis) | Solid data-mining and analysis skills, including experience dealing with a large amount of data/tick data | Familiarity with signal generation and statistical models | Strong programming skills in Python and/or C++",https://www.tower-research.com/open-positions/?gh_jid=4986715,2026-07-22
Quantitative Trader / Researcher - US,Tower Research Capital,Full-Time,Quantitative Trading,No,"$120,000- $200,000,","New York, Chicago, Charleston, Las Vegas, Miami","Tower Research Capital is a leading quantitative trading firm founded in 1998. Tower has built its business on a high-performance platform and independent trading teams. We have a 25+ year track record of innovation and a reputation for discovering unique market opportunities. Tower is home to some of the world’s best systematic trading and engineering talent. We empower portfolio managers to build their teams and strategies independently while providing the economies of scale that come from a large, global organization. Engineers thrive at Tower while developing electronic trading infrastructure at a world class level. Our engineers solve challenging problems in the realms of low-latency programming, FPGA technology, hardware acceleration and machine learning. Our ongoing investment in top engineering talent and technology ensures our platform remains unmatched in terms of…","A Bachelors, Masters or PhD degree in Mathematics, Statistics, Computer Science or equivalent STEM degree | Experience in quantitative trading is preferred but not a requirement | A strong background in mathematics and statistics | Proficiency in back-testing, simulation, and statistical techniques (auto-regression, auto-correlation and Principal Component Analysis) | Solid data-mining and analysis skills, including experience dealing with a large amount of data/tick data | Familiarity with signal generation and statistical models | Strong programming skills in Python or C++ | Anticipated New York and Chicago annual base salary range $120,000- $200,000, plus eligible for bonus(es).",https://www.tower-research.com/open-positions/?gh_jid=16635,2026-07-22
Senior Options Quantitative Researcher,Tower Research Capital,Full-Time,Quantitative Research,No,"$120,000-180,000,","New York, Chicago","Tower Research Capital is a leading quantitative trading firm founded in 1998. Tower has built its business on a high-performance platform and independent trading teams. We have a 25+ year track record of innovation and a reputation for discovering unique market opportunities. Tower is home to some of the world’s best systematic trading and engineering talent. We empower portfolio managers to build their teams and strategies independently while providing the economies of scale that come from a large, global organization. Engineers thrive at Tower while developing electronic trading infrastructure at a world class level. Our engineers solve challenging problems in the realms of low-latency programming, FPGA technology, hardware acceleration and machine learning. Our ongoing investment in top engineering talent and technology ensures our platform remains unmatched in terms of…","3+ years of experience in a quantitative research role with a focus on options pricing, volatility surfaces, and risk management | Experience in researching predictive volatility alphas over various time horizons | Understanding of the practical considerations required in implementing and executing trading signals | Expertise in detailed implementations of numerical pricing for American options | Ability to work with large multi-faceted datasets | Passion and drive to take a leading role in a growing options business | Relevant programming experience, preferably in Python and/or C++ | Excellent attention to detail | Anticipated New York annual base salary range $120,000-180,000, plus eligible for discretionary bonus",https://www.tower-research.com/open-positions/?gh_jid=5372616,2026-07-22
Senior Quantitative Researcher,Tower Research Capital,Full-Time,Quantitative Research,No,"$120,000- $200,000,","New York, NY, United States","Tower Research Capital is a leading quantitative trading firm founded in 1998. Tower has built its business on a high-performance platform and independent trading teams. We have a 25+ year track record of innovation and a reputation for discovering unique market opportunities. Tower is home to some of the world’s best systematic trading and engineering talent. We empower portfolio managers to build their teams and strategies independently while providing the economies of scale that come from a large, global organization. Engineers thrive at Tower while developing electronic trading infrastructure at a world class level. Our engineers solve challenging problems in the realms of low-latency programming, FPGA technology, hardware acceleration and machine learning. Our ongoing investment in top engineering talent and technology ensures our platform remains unmatched in terms of…","Solid academic background in mathematics, machine learning, computer science, physics or a similar quantitative field with a strong research experience equivalent to research-oriented masters degree or ideally a PhD in the field | Strong quantitative research experience in the systematic trading space, across idea generation, research, deployment, and production analysis, with a track record of delivering impactful results | Effective programming skills and prior experience building high quality, scalable software in scripting / dynamic languages such as Python or lower level languages such as C++, ideally in both | Ability to communicate clearly and effectively both at a high level and in details | Anticipated New York and Chicago annual base salary range $120,000- $200,000, plus eligible for bonus(es).",https://www.tower-research.com/open-positions/?gh_jid=6685350,2026-07-22
"Senior Software Engineer, Development Tools",Tower Research Capital,Full-Time,Quantitative Development,No,,London,"Tower Research Capital is a leading quantitative trading firm founded in 1998. Tower has built its business on a high-performance platform and independent trading teams. We have a 25+ year track record of innovation and a reputation for discovering unique market opportunities. Tower is home to some of the world’s best systematic trading and engineering talent. We empower portfolio managers to build their teams and strategies independently while providing the economies of scale that come from a large, global organization. Engineers thrive at Tower while developing electronic trading infrastructure at a world class level. Our engineers solve challenging problems in the realms of low-latency programming, FPGA technology, hardware acceleration and machine learning. Our ongoing investment in top engineering talent and technology ensures our platform remains unmatched in terms of…","Strong programming skills in C++, Rust, and/or Python. You likely have 7+ years of experience in software development, infrastructure engineering, or DevOps | Build system fundamentals. Deep practical experience with large build systems at monorepo-scale. Buck2 or Bazel/Blaze is most relevant, but maybe you’ve done large scale work with another build system | Strong understanding of Linux/Unix toolchains. Practical experience of working with multiple compilers, linkers and native code | Broad experience with DevOps tooling and techniques (e.g., monorepo, CI/CD pipelines, Git-based version control systems, Docker/Podman, Config as Code, Infrastructure as Code) | Proven experience optimizing performance and scalability in large, complex codebases | Systematic approach to troubleshooting and solving complex productivity or infrastructure issues | Strong organizational and communication…",https://www.tower-research.com/open-positions/?gh_jid=7683372,2026-07-22
Software Developer,Tower Research Capital,Full-Time,Quantitative Development,No,,Singapore,"Tower Research Capital is a leading quantitative trading firm founded in 1998. Tower has built its business on a high-performance platform and independent trading teams. We have a 25+ year track record of innovation and a reputation for discovering unique market opportunities. Tower is home to some of the world’s best systematic trading and engineering talent. We empower portfolio managers to build their teams and strategies independently while providing the economies of scale that come from a large, global organization. Engineers thrive at Tower while developing electronic trading infrastructure at a world class level. Our engineers solve challenging problems in the realms of low-latency programming, FPGA technology, hardware acceleration and machine learning. Our ongoing investment in top engineering talent and technology ensures our platform remains unmatched in terms of…","A degree in Computer Science or a related field | Solid practical experience with Python and C++ development | A strong background in data structures, algorithms, and object-oriented programming | Experience in developing or working with any cloud computing framework is a plus | Good experience with Bash and Linux | Brilliant detail oriented problem-solving abilities | A self-starter attitude with the ability to work independently and own problems | The ability to manage multiple tasks and make decisions in a fast-paced environment | Strong communication skills in English for business purposes",https://www.tower-research.com/open-positions/?gh_jid=1904195,2026-07-22
Software Engineer,Tower Research Capital,Full-Time,Quantitative Development,No,"$130,000 - $170,000,",New York,"Tower Research Capital is a leading quantitative trading firm founded in 1998. Tower has built its business on a high-performance platform and independent trading teams. We have a 25+ year track record of innovation and a reputation for discovering unique market opportunities.Tower is home to some of the world’s best systematic trading and engineering talent. We empower portfolio managers to build their teams and strategies independently while providing the economies of scale that come from a large, global organization. Engineers thrive at Tower while developing electronic trading infrastructure at a world class level. Our engineers solve challenging problems in the realms of low-latency programming, FPGA technology, hardware acceleration and machine learning. Our ongoing investment in top engineering talent and technology ensures our platform remains unmatched in terms of…","Degree in Computer Science, Engineering, Mathematics, Physics, or a related technical field, or equivalent practical experience. | 3–5 years of professional software engineering experience. | Strong programming skills, preferably in Python. | Solid SQL skills and understanding of relational databases. | Experience working with production or business-critical codebases. | Experience with data workflows such as ETL, reporting, reconciliation, validation, or operational data processing. | Familiarity with web application development, backend APIs, and frontend/backend integration. | Comfortable working in Linux/Unix environments and using Git-based workflows. | Strong debugging and problem-solving skills across code, data, configuration, and environment issues. | Ability to work with ambiguous requirements, identify assumptions, ask targeted questions, and propose practical plans. | Strong…",https://www.tower-research.com/open-positions/?gh_jid=8078008,2026-07-22
Software Engineer,Tower Research Capital,Full-Time,Quantitative Development,No,,Gurgaon,"Tower Research Capital is a leading quantitative trading firm founded in 1998. Tower has built its business on a high-performance platform and independent trading teams. We have a 25+ year track record of innovation and a reputation for discovering unique market opportunities. Tower is home to some of the world’s best systematic trading and engineering talent. We empower portfolio managers to build their teams and strategies independently while providing the economies of scale that come from a large, global organization. Engineers thrive at Tower while developing electronic trading infrastructure at a world class level. Our engineers solve challenging problems in the realms of low-latency programming, FPGA technology, hardware acceleration and machine learning. Our ongoing investment in top engineering talent and technology ensures our platform remains unmatched in terms of…","A strong background in data structures, algorithms, and object-oriented programming, preferably in C++ | Brilliant problem-solving abilities | A passion for new technologies and ideas | The ability to manage multiple tasks in a fast-paced environment | Strong communication skills | A working knowledge of Linux | Knowledge of Python and shell scripts (a plus) | Financial experience is not required.",https://www.tower-research.com/open-positions/?gh_jid=6656773,2026-07-22
Software Engineer,Tower Research Capital,Full-Time,Quantitative Development,No,,Singapore,"Tower Research Capital is a leading quantitative trading firm founded in 1998. Tower has built its business on a high-performance platform and independent trading teams. We have a 25+ year track record of innovation and a reputation for discovering unique market opportunities.Tower is home to some of the world’s best systematic trading and engineering talent. We empower portfolio managers to build their teams and strategies independently while providing the economies of scale that come from a large, global organization. Engineers thrive at Tower while developing electronic trading infrastructure at a world class level. Our engineers solve challenging problems in the realms of low-latency programming, FPGA technology, hardware acceleration and machine learning. Our ongoing investment in top engineering talent and technology ensures our platform remains unmatched in terms of…","A bachelor’s degree in computer science or a related field | Relevant experience in designing and improving information systems | Strong knowledge of the full web programming stack (Python, Golang experience is a plus) | Experience in building scale-able web services and exposure to any monitoring or alerting tools | Experience with front-end technologies (VueJS/ReactJS/AngularJS), client-side Javascript and HTML based UI development is a plus | Experience working with distributed systems is a plus | Good Linux system skills and knowledge of shell scripts | Strong communication skills in English for business purposes | Financial experience is not required but would be preferable.",https://www.tower-research.com/open-positions/?gh_jid=7613150,2026-07-22
"Software Engineer, C++",Tower Research Capital,Full-Time,Quantitative Development,No,,"Singapore, Hong Kong, Shanghai","Tower Research Capital is a leading quantitative trading firm founded in 1998. Tower has built its business on a high-performance platform and independent trading teams. We have a 25+ year track record of innovation and a reputation for discovering unique market opportunities. Tower is home to some of the world’s best systematic trading and engineering talent. We empower portfolio managers to build their teams and strategies independently while providing the economies of scale that come from a large, global organization. Engineers thrive at Tower while developing electronic trading infrastructure at a world class level. Our engineers solve challenging problems in the realms of low-latency programming, FPGA technology, hardware acceleration and machine learning. Our ongoing investment in top engineering talent and technology ensures our platform remains unmatched in terms of…","A degree in computer science or a related field | At least 5+ years of experience with C++ development, preferably in a trading environment | A strong background in data structures, algorithms, and object-oriented programming in C++ | Brilliant problem-solving abilities | The ability to manage multiple tasks in a fast-paced environment | Strong communication skills in English for business purposes | Good understanding of Linux operating system and Networking (TCP/IP and UDP) is a plus | Knowledge of Python and shell scripts is a plus",https://www.tower-research.com/open-positions/?gh_jid=6346539,2026-07-22
"Software Engineer, C++",Tower Research Capital,Full-Time,Quantitative Development,No,,London,"Tower Research Capital is a leading quantitative trading firm founded in 1998. Tower has built its business on a high-performance platform and independent trading teams. We have a 25+ year track record of innovation and a reputation for discovering unique market opportunities. Tower is home to some of the world’s best systematic trading and engineering talent. We empower portfolio managers to build their teams and strategies independently while providing the economies of scale that come from a large, global organization. Engineers thrive at Tower while developing electronic trading infrastructure at a world class level. Our engineers solve challenging problems in the realms of low-latency programming, FPGA technology, hardware acceleration and machine learning. Our ongoing investment in top engineering talent and technology ensures our platform remains unmatched in terms of…","A degree in computer science or a related field | At least 5-7 years of experience in a software engineering role | A strong background in data structures, algorithms, and object-oriented programming in C++ | Brilliant problem-solving abilities | The ability to manage multiple tasks in a fast-paced environment | Strong communication skills | Good understanding of Linux operating system and Networking (TCP/IP and UDP) is a plus | Knowledge of Python and shell scripts is a plus | Familiarity with cryptocurrency markets, exchange APIs (WebSocket/HTTP), and cloud technologies is a significant plus | Individuals in this role will have a range of experience and will have the opportunity to cover a broad spectrum of hands-on development projects; the right person could range from a mid-level engineer that is looking to start their career at Tower Research Capital, to an experienced…",https://www.tower-research.com/open-positions/?gh_jid=7979738,2026-07-22
"Software Engineer, Development Tools",Tower Research Capital,Full-Time,Quantitative Development,No,"$150,000 - $250,000,",New York,"Tower Research Capital is a leading quantitative trading firm founded in 1998. Tower has built its business on a high-performance platform and independent trading teams. We have a 25+ year track record of innovation and a reputation for discovering unique market opportunities. Tower is home to some of the world’s best systematic trading and engineering talent. We empower portfolio managers to build their teams and strategies independently while providing the economies of scale that come from a large, global organization. Engineers thrive at Tower while developing electronic trading infrastructure at a world class level. Our engineers solve challenging problems in the realms of low-latency programming, FPGA technology, hardware acceleration and machine learning. Our ongoing investment in top engineering talent and technology ensures our platform remains unmatched in terms of…","A Bachelor’s degree in Computer Science, Software Engineering, Information Technology, or a related field or equivalent experience | 7+ years of experience in software development, infrastructure engineering, or DevOps | Strong programming skills in C++, Rust, and/or Python | Deep experience with build tools, dependency management, and packaging (e.g., Bazel, Buck2, CMake) | Strong experience with DevOps tooling (e.g., CI/CD pipelines, Git-based version control systems, Docker, Kubernetes, Infrastructure as Code) | Experience with Cloud infrastructure (GCP, AWS) preferred | Strong understanding of Linux/Unix systems | Proven experience optimizing performance and scalability in large, complex codebases | Systematic approach to troubleshooting and solving complex productivity or infrastructure issues | Strong organizational and communication skills, with the ability to collaborate…",https://www.tower-research.com/open-positions/?gh_jid=6583599,2026-07-22
Software Engineer III,Tower Research Capital,Full-Time,Quantitative Development,No,,Gurgaon,"Tower Research Capital is a leading quantitative trading firm founded in 1998. Tower has built its business on a high-performance platform and independent trading teams. We have a 25+ year track record of innovation and a reputation for discovering unique market opportunities. Tower is home to some of the world’s best systematic trading and engineering talent. We empower portfolio managers to build their teams and strategies independently while providing the economies of scale that come from a large, global organization. Engineers thrive at Tower while developing electronic trading infrastructure at a world class level. Our engineers solve challenging problems in the realms of low-latency programming, FPGA technology, hardware acceleration and machine learning. Our ongoing investment in top engineering talent and technology ensures our platform remains unmatched in terms of…","A bachelor’s degree (or equivalent) in computer science or a related field, with at least 3 years of experience in software engineering; a degree from a top Canadian institution is preferred. | Expertise in software engineering fundamentals, including strong programming and computer science principles, with proficiency in Rust (required) and experience with Golang and/or Python. | Experience with Linux systems, shell scripting, relational and non-relational databases, web technologies, full-stack development, bare metal environments, automation, and independently deploying and managing applications, including DevOps responsibilities. | Experience with distributed systems and modern infrastructure, including Kafka, data pipelines, microservices, infrastructure-as-code concepts, and engineering solutions that support large-scale, 24/7 production environments. | Strong communication,…",https://www.tower-research.com/open-positions/?gh_jid=8074310,2026-07-22
"Software Engineer, Trading Systems (C++)",Tower Research Capital,Full-Time,Quantitative Development,No,"$120,000 - $285,000,",New York,"Tower Research Capital is a leading quantitative trading firm founded in 1998. Tower has built its business on a high-performance platform and independent trading teams. We have a 25+ year track record of innovation and a reputation for discovering unique market opportunities. Tower is home to some of the world’s best systematic trading and engineering talent. We empower portfolio managers to build their teams and strategies independently while providing the economies of scale that come from a large, global organization. Engineers thrive at Tower while developing electronic trading infrastructure at a world class level. Our engineers solve challenging problems in the realms of low-latency programming, FPGA technology, hardware acceleration and machine learning. Our ongoing investment in top engineering talent and technology ensures our platform remains unmatched in terms of…","Degree in Computer Science, Engineering, Mathematics, Physics, or a related technical field. | Strong foundation in algorithms, data structures, distributed systems, and software design. | Excellent programming skills in C++, with experience in Python strongly preferred. | Interest in financial markets, systematic trading, and quantitative research workflows. | Experience building high-performance systems, data-intensive applications, or low-latency software. The ability to collaborate effectively with quantitative researchers, traders, and engineers to solve complex technical and analytical problems. | Strong analytical and problem-solving abilities with a focus on both correctness and performance. | Comfortable managing multiple projects and priorities in a fast-paced environment. | Strong communication skills and a collaborative mindset.",https://www.tower-research.com/open-positions/?gh_jid=7985905,2026-07-22
Trading Systems Support Analyst,Tower Research Capital,Full-Time,Quantitative Development,No,,London,"Tower Research Capital is a leading quantitative trading firm founded in 1998. Tower has built its business on a high-performance platform and independent trading teams. We have a 25+ year track record of innovation and a reputation for discovering unique market opportunities. Tower is home to some of the world’s best systematic trading and engineering talent. We empower portfolio managers to build their teams and strategies independently while providing the economies of scale that come from a large, global organization. Engineers thrive at Tower while developing electronic trading infrastructure at a world class level. Our engineers solve challenging problems in the realms of low-latency programming, FPGA technology, hardware acceleration and machine learning. Our ongoing investment in top engineering talent and technology ensures our platform remains unmatched in terms of…","3-5 years working in a high pressure environment, including diagnosing and resolving production issues on the fly | Good understanding of electronic trading and/or financial instruments including equities, futures, and options | The ability to manage multiple tasks in a fast-paced environment while demonstrating true ownership | Strong Unix skills along with programming skills in Python and experience in Scheduling tools like Airflow | Experience working with Grafana | Good understanding of networking and system concepts | The willingness to take on tasks both big and small | Excellent communication skills and fluency in English | A passion for learning and innovative problem-solving | Experience with SQL and the use of databases is a plus",https://www.tower-research.com/open-positions/?gh_jid=7722018,2026-07-22
Desk Quant Analyst,Squarepoint Capital,Full-Time,Quantitative Finance,No,,"London, Madrid, Montreal, Bangalore, Singapore, Hong Kong, Warsaw","Please only apply to the one job you feel best fits your skillset and experience. If our team feels you are better suited for another role, we will reach out about the alternate opportunity. We are looking for highly motivated graduates or early career professionals with an interest in finance and a background in computer science, engineering, mathematics or other STEM degrees to join our Desk Quant Analyst three-year program. You will spend these three years working in close collaboration with experienced Quantitative Researchers and Traders to understand the constantly evolving needs of the trading desks. Maintain and upgrade the codebase and configuration of strategies within the firm’s automated trading framework. Manage large datasets used in both research and production environments. Perform live as well as historical monitoring of trading activities. For instance, do some…","Degree in Engineering, Computer Science or related technical subject. | Programming proficiency with at least one major programming or scripting language (e.g. C++, Java, Python). | Great attention to detail. | Strong communication skills and ability to work well with colleagues across multiple regions. | Ability to work well under pressure.",https://www.squarepoint-capital.com/open-opportunities?id=2546549&gh_jid=2546549,2026-07-22
Graduate Quant Developer,Squarepoint Capital,Full-Time,Quantitative Development,No,,"London, Montreal, Singapore","Please only apply to the one job you feel best fits your skillset and experience. If our team feels you are better suited for another role, we will reach out about the alternate opportunity. Squarepoint is seeking talented, curious, and self‑driven graduate‑level candidates who are eager to apply strong quantitative and computational foundations in a challenging and innovative environment at the intersection of technology and investment research. As a Graduate Quant Developer, you will work on the front line of our quantitative research business, collaborating closely with quantitative researchers and technologists to design, build, and maintain scalable, production‑grade systems that directly support alpha generation and investment decision‑making. This role is designed to support early‑career growth through hands‑on development, close collaboration, and continuous learning in a highly…","Degree in a quantitative discipline (e.g. Mathematics, Physics, Engineering, Computer Science, or similar) with a strong interest in computational and software‑driven problem solving | Proficiency in at least one of our core languages: Python, C++, or KDB+/q | Prior exposure to software development in a commercial, academic, or research environment, evidenced through internships, academic projects, work experience, or personal projects | Familiarity with Linux and version control systems (e.g. git) | Ability to work effectively with AI tools and systems, including demonstrable experience using them collaboratively to enhance software development, data analysis, or research workflows | Clear written and verbal communication skills | Strong curiosity, motivation to learn, and willingness to develop new skills | Ability to work effectively in a fast‑paced, collaborative team environment",https://www.squarepoint-capital.com/open-opportunities?id=7918610&gh_jid=7918610,2026-07-22
Graduate Software Developer,Squarepoint Capital,Full-Time,Quantitative Development,No,"$100,000","London, Montreal, Singapore","Please only apply to the one job you feel best fits your skillset and experience. If our team feels you are better suited for another role, we will reach out about the alternate opportunity. Squarepoint is seeking smart, self-driven and inquisitive individuals who want an opportunity to apply their advanced skills and knowledge in a challenging and innovative environment. Projects within this role focus on developing and maintaining performance sensitive, reliable and scalable back-ends which are critical to our trading infrastructure. You will work alongside experienced colleagues, in small groups, to design and build the next generation of production grade trading and research software systems. Step into a career of continuous learning and development, surrounded by some of the most talented individuals in the industry, and grow your skills in a highly collegiate work environment.…","Degree in Computer Science, Computer Engineering, or other degree with a heavy emphasis on software development, | Proficiency in at least one of our core languages: Python, C++, or KDB+/q, JavaScript/TypeScript/React, | Some experience developing software in a commercial setting, demonstrated through work experience or personal projects, | Knowledge of Linux and version control systems, | Excellent written and verbal communication skills, | Eagerness to continuously learn new technologies and develop with us, | Ability to work well in a fast-paced environment.",https://www.squarepoint-capital.com/open-opportunities?id=6040910&gh_jid=6040910,2026-07-22
Junior Quant Developer,Squarepoint Capital,Full-Time,Quantitative Development,No,,"London, Montreal, Singapore","Please only apply to the one job you feel best fits your skillset and experience. If our team feels you are better suited for another role, we will reach out about the alternate opportunity. As a Quant Developer at Squarepoint you will work side-by-side with Quant Researchers and Traders to implement novel trading strategies and software for research projects. You could develop tools to apply advanced statistical methods in order to identify new trading opportunities and to monitor their impact over time. You could also develop improvements to our trading strategies through the running and thorough analysis of backtesting simulations across vast amounts of proprietary data. Whatever your project, you will drive cross-team initiatives at Squarepoint and will gain an excellent chance to learn from some of the world's most knowledgeable industry experts as you work towards our continued…","Degree in Applied Math, Physics, Engineering, Quantitative Finance, Computer Science or other quantitative disciplines | Up to 4 years of experience in a relevant role such as software or quant development | Proficiency in at least one of Python, C++, or KDB+/q | Strong interest in, or knowledge of finance and the global markets | Ability to work effectively with AI tools and systems, including demonstrable experience using them collaboratively to enhance software development, data analysis, or research workflows. | Experience working with git and Linux | Excellent written and verbal communication skills | Eagerness to continuously learn new technologies and develop with us | Ability to work well in a fast-paced environment",https://www.squarepoint-capital.com/open-opportunities?id=6034466&gh_jid=6034466,2026-07-22
Junior Quant Researcher,Squarepoint Capital,Full-Time,Quantitative Research,No,"$150,000","London, New York, Singapore, Boston, Paris, Zug, Geneva, Hong Kong, Bangalore","Please only apply to the one job you feel best fits your skillset and experience. If our team feels you are better suited for another role, we will reach out about the alternate opportunity. Research and implement strategies within the firm’s automated trading framework. Analyze large data sets using advanced statistical methods to identify trading opportunities. Develop a strong understanding of market structure of various exchanges and asset classes.","Quantitative background - includes degrees in Mathematics, Statistics, Econometrics, Financial Engineering, Operations Research, Computer Science and Physics. | Programming proficiency with at least one major programming or scripting language (e.g. C++, Java, Python). | Strong communication skills and ability to work well with colleagues across multiple regions. | Ability to work well under pressure. | The minimum base salary for this role is $150,000 if located in New York. This expectation is based on available information at the time of posting. This role may be eligible for discretionary bonuses, which could constitute a significant portion of total compensation. This role may also be eligible for benefits, such as health, dental, and other wellness plans, as well as 401(k) contributions. Successful candidates’ compensation and benefits will be determined in consideration of various…",https://www.squarepoint-capital.com/open-opportunities?id=239376&gh_jid=239376,2026-07-22
Junior Quant Researcher - ML Alpha Research,Squarepoint Capital,Full-Time,Quantitative Research,No,"$150,000","London, New York, Singapore, Boston, Paris, Zug, Geneva, Hong Kong, Bangalore","Please only apply to the one job you feel best fits your skillset and experience. If our team feels you are better suited for another role, we will reach out about the alternate opportunity. Research statistical techniques such as time-series methods, machine learning and NLP to extract value from data Analyze large data sets using advanced statistical and ML methods to identify trading opportunities Help to develop statistical and ML based tools and techniques to solve complex data related problems throughout the firm.","Quantitative background - includes advanced degrees in computer science, machine learning / NLP, statistics, signal processing, optimization, mathematics and related STEM subjects (masters or higher) | Demonstrated ability for doing high quality and rigorous research, along with communicating results to stakeholders. | Programming proficiency with at least one major programming or scripting language (e.g. python, kdb-q, ) | Strong communication skills and ability to work well with colleagues across multiple regions | Ability to work well in collaborative and high pace settings, and drive projects to completion in accelerated timelines. | The minimum base salary for this role is $150,000 if located in New York. This expectation is based on available information at the time of posting. This role may be eligible for discretionary bonuses, which could constitute a significant portion of…",https://www.squarepoint-capital.com/open-opportunities?id=6069464&gh_jid=6069464,2026-07-22
Junior Software Developer (C++),Squarepoint Capital,Full-Time,Quantitative Development,No,,"London, Montreal, Singapore","Please only apply to the one job you feel best fits your skillset and experience. If our team feels you are better suited for another role, we will reach out about the alternate opportunity. At Squarepoint we use C++ to build the majority of our low latency and high performance systems, which are directly responsible for executing the critical trading path. Your work in this domain will have a direct impact on our trading success: powering critical trading operations, serving low latency market data or providing crucial market connectivity access to our daily trading operations. You could be driving the design and implementation of trading frameworks, centralised services processing massive volumes of data, or other high-volume distributed applications at Squarepoint. Whichever project you work on, you will be pushing the boundaries of high performance software, and growing your skills…","Degree in Computer Science, Computer Engineering, or other degree with a heavy emphasis on software development, | Up to 4 years experience in a relevant role such as software or quant development, or similar | Experience with C++, git, and Linux | Excellent written and verbal communication skills | Eagerness to continuously learn new technologies and develop with us | Ability to work well in a fast-paced environment",https://www.squarepoint-capital.com/open-opportunities?id=6040731&gh_jid=6040731,2026-07-22
Junior Software Developer - Front-end,Squarepoint Capital,Full-Time,Quantitative Development,No,,"London, Montreal","Please only apply to the one job you feel best fits your skillset and experience. If our team feels you are better suited for another role, we will reach out about the alternate opportunity. Front-end developers at Squarepoint are instrumental in enhancing user experience on our sophisticated research and trading platforms. You will use React and Typescript to develop fully-fledged applications facilitating real-time data access, and support the exploration of large volumes of data integral to our trading workflows and operations. Your contributions will drive rapid decision-making and uphold our competitive edge in a high-stakes trading environment.","Degree in Computer Science, Computer Engineering, or other degree with a heavy emphasis on software development, | Up to 4 years experience in a relevant role such as software development, | Experience in web development using a modern React stack with TypeScript, | Excellent written and verbal communication skills, | Willingness to pick up and learn new technologies and frameworks, | Ability to work well in a fast-paced environment.",https://www.squarepoint-capital.com/open-opportunities?id=6034447&gh_jid=6034447,2026-07-22
Junior Software Developer (KDB+/Q),Squarepoint Capital,Full-Time,Quantitative Development,No,,"London, Montreal, Singapore","Please only apply to the one job you feel best fits your skillset and experience. If our team feels you are better suited for another role, we will reach out about the alternate opportunity. kdb+/q developers at Squarepoint work closely with researchers and traders to design, implement, test and maintain our service-oriented kdb+ architecture. As a kdb+/q developer, you will contribute to designing our model of reality, normalizing diverse datasets to generate it. You will also build robust, scalable infrastructure to expose data to users worldwide. You will have a high degree of responsibility, owning key parts of the infrastructure and acting as level 2+ support for critical services during live trading.",Bachelor's degree in a STEM subject | Up to 4 years experience in a relevant role using kdb+/q | Excellent written and verbal communication skills | Eagerness to continuously learn new technologies and develop with us | Ability to work well in a fast-paced environment,https://www.squarepoint-capital.com/open-opportunities?id=6040773&gh_jid=6040773,2026-07-22
Junior Software Developer (Python),Squarepoint Capital,Full-Time,Quantitative Development,No,,"London, Montreal, Singapore","Please only apply to the one job you feel best fits your skillset and experience. If our team feels you are better suited for another role, we will reach out about the alternate opportunity. At Squarepoint we use Python to build a great deal of the software needed to solve crucial problems every day. You will work on a wide range of systems that fuel our trading success including, but not limited to, core tooling and frameworks, data pipelines used to feed predictive models in research and trading, and software products used worldwide by traders and researchers. You will collaborate with experienced software developers and quant researchers to enable the continued growth of our investment business, solving problems at scale, and gaining a unique chance to learn from some of the most talented individuals in the industry.","Degree in Computer Science, Computer Engineering, Applied Math, Physics, Quantitative Finance, or Financial Engineering/MFE | Up to 4 years experience in a relevant role such as software or quant development, or similar | Experience with Python, git, and Linux | Excellent written and verbal communication skills | Eagerness to continuously learn new technologies and develop with us | Ability to work well in a fast-paced environment",https://www.squarepoint-capital.com/open-opportunities?id=6033550&gh_jid=6033550,2026-07-22
Quant Developer (C++),Squarepoint Capital,Full-Time,Quantitative Development,No,"$120,000","London, Montreal, Singapore, Warsaw, Zug","As a member of collaborative team, develop and maintain critical high-performance trading and signals logics and supporting infrastructure. Work side-by-side with quant researchers and traders, assisting in implementation of trading strategies and research projects. Collaborate with technology teams providing strategy & signals containers, as well as integration with general Squarepoint infrastructure. The candidate must be comfortable working in a fast-paced dynamic environment and be able to balance rapid tactical delivery with long term strategic work. The job involves driving cross-team initiatives and daily interaction with quant researchers and traders, thus good communication skills are a must. The candidate must have a strong work ethic, be enthusiastic to work on the bleeding edge of technology, and have the drive to push through complex initiatives. Attention to detail and…","Degree in Engineering, Computer Science or related subject; Masters or higher a plus | 3+ years strong programming experience under Linux, at least 1 year in C++ | 2+ years’ experience working on high performance mission critical systems | A team player with good communication skills and a preference for compromise | Ability to balance tactical work with pursing long-term strategic objectives | 2+ years experience working in trading floor environment, implementing fully automated trading strategies (execution or prop trading | Experience in effective collaboration with quant researchers and traders, responsible for trading model design and operation; proven ability to: | convert abstract requirements into concrete trading implementations and algorithms | troubleshoot trading algorithm and systems issues across large complex distributed system | Ability to debug complex issues under…",https://www.squarepoint-capital.com/open-opportunities?id=612873&gh_jid=612873,2026-07-22
Quant Developer (KDB),Squarepoint Capital,Full-Time,Quantitative Development,No,,"London, Montreal, Singapore, Honk Kong","Successful candidates will join a highly accomplished team of professionals working directly with quantitative researchers to design, implement, deploy and use software for research and trading. As part of the technology team, the team follows modern software development principles and works with peers in technology to mature and evolve these tools for wider use. Quantitative developers drive cross-team initiatives with technologists and quantitative researchers across all asset classes to achieve Squarepoint’s objectives.","Degree in applied math, physics, engineering, quantitative finance, computer science | 3 or more years’ experience with KDB | Knowledge of finance, data storage, processing and analysis | Experience with modern software development: Version control, agile development | Experience with continuous integration (CI), logging and monitoring systems a plus | Advanced quantitative skills a plus | Experience with requirements analysis and designing software solutions a plus | Excellent technical communication skills",https://www.squarepoint-capital.com/open-opportunities?id=3277003&gh_jid=3277003,2026-07-22
Quant Developer (Python),Squarepoint Capital,Full-Time,Quantitative Development,No,,"London, Montreal, Warsaw, Hong Kong, Singapore, Madrid, Houston, Bangalore","The Quantitative Development team works directly with quantitative researchers to design, implement, deploy and use software for research and trading. As part of the technology team, the team follows modern software development principles and works with peers in technology to mature and evolve these tools for wider use. Quantitative developers drive cross-team initiatives with technologists and quantitative researchers across all asset classes to achieve Squarepoint’s objectives. Work with quantitative researchers to design and build efficient and scalable workflows for research and trading Collaborate closely with team members and peers in technology to ensure global consistency and maximize re-use of software components Assume strong ownership of projects throughout their full engineering lifecycle Provide level 2 support for critical components","Degree in applied math, physics, engineering, quantitative finance, computer science | 4 or more years’ experience with Python, C++, or KDB+/q | Knowledge of finance, data storage, processing and analysis | Experience with modern software development: version control, agile development | Excellent technical communication skills",https://www.squarepoint-capital.com/open-opportunities?id=1433622&gh_jid=1433622,2026-07-22
Senior Quant Researcher - CTA/Short-Term,Squarepoint Capital,Full-Time,Quantitative Research,No,"$150,000","Houston, London, Madrid, Montreal, New York, Paris, Singapore, Zug, Bangalore, Dubai, Geneva, Hong Kong, Boston",Research and implement strategies within the firm’s automated trading framework. Analyze large data sets using advanced statistical methods to identify trading opportunities. Develop a strong understanding of market structure of various exchanges and asset classes. Critically question results to ensure they are statistically significant and robust.,"Quantitative background - includes degrees in Mathematics, Statistics, Econometrics, Financial Engineering, Operations Research, Computer Science and Physics. | Programming proficiency with at least one major programming or scripting language (e.g. C++, Java, Python). | Strong communication skills and ability to work well with colleagues across multiple regions. | Ability to work well under pressure. | Good familiarity with instruments of at least one liquid non-equity asset class (futures, FX, cash treasuries). | Experience working with intraday bar data and researching intraday trading opportunities. | The minimum base salary for this role is $150,000 if located in New York. This expectation is based on available information at the time of posting. This role may be eligible for discretionary bonuses, which could constitute a significant portion of total compensation. This role may…",https://www.squarepoint-capital.com/open-opportunities?id=253410&gh_jid=253410,2026-07-22
Senior Quant Researcher - Equity Mid/Low Frequency,Squarepoint Capital,Full-Time,Quantitative Research,No,"$150,000","Bangalore, Dubai, Geneva, Hong Kong, Houston, London, Madrid, Montreal, New York, Paris, Singapore, Zug, Boston",Research and implement strategies within the firm’s automated trading framework. Analyze large data sets using advanced statistical methods to identify trading opportunities. Develop a strong understanding of market structure of various exchanges and asset classes.,"Quantitative background - includes degrees in Mathematics, Statistics, Econometrics, Financial Engineering, Operations Research, Computer Science and Physics. | Programming proficiency with at least one major programming or scripting language (e.g. C++, Java, Python). | Strong communication skills and ability to work well with colleagues across multiple regions. | Ability to work well under pressure. | Proven ability to run successful long term strategies on Equities | The minimum base salary for this role is $150,000 if located in New York. This expectation is based on available information at the time of posting. This role may be eligible for discretionary bonuses, which could constitute a significant portion of total compensation. This role may also be eligible for benefits, such as health, dental, and other wellness plans, as well as 401(k) contributions. Successful candidates’…",https://www.squarepoint-capital.com/open-opportunities?id=253411&gh_jid=253411,2026-07-22
Senior Quant Researcher - Fixed Income,Squarepoint Capital,Full-Time,Quantitative Research,No,"$150,000","Houston, London, Madrid, Montreal, New York, Paris, Singapore, Zug, Bangalore, Dubai, Geneva, Hong Kong, Boston",Research and implement strategies within the firm’s automated trading framework. Analyze large data sets using advanced statistical methods to identify trading opportunities. Develop a strong understanding of market structure of various exchanges and asset classes.,"Quantitative background - includes degrees in Mathematics, Statistics, Econometrics, Financial Engineering, Operations Research, Computer Science and Physics. | Programming proficiency with at least one major programming or scripting language (e.g. C++, Java, Python). | Strong communication skills and ability to work well with colleagues across multiple regions. | Ability to work well under pressure. | Successfully developing and implementing systematic strategies. | The minimum base salary for this role is $150,000 if located in New York. This expectation is based on available information at the time of posting. This role may be eligible for discretionary bonuses, which could constitute a significant portion of total compensation. This role may also be eligible for benefits, such as health, dental, and other wellness plans, as well as 401(k) contributions. Successful candidates’…",https://www.squarepoint-capital.com/open-opportunities?id=1163559&gh_jid=1163559,2026-07-22
Senior Quant Researcher - Intraday Statistical Arbitrage,Squarepoint Capital,Full-Time,Quantitative Research,No,"$150,000","Bangalore, Dubai, Geneva, Hong Kong, Houston, London, Madrid, Montreal, New York, Paris, Singapore, Zug, Boston",Research and implement strategies within the firm’s automated trading framework. Analyze large data sets using advanced statistical methods to identify trading opportunities. Develop a strong understanding of market structure of various exchanges and asset classes.,"Quantitative background - includes degrees in Mathematics, Statistics, Econometrics, Financial Engineering, Operations Research, Computer Science and Physics. | Programming proficiency with at least one major programming or scripting language (e.g. C++, Java, Python). | Strong communication skills and ability to work well with colleagues across multiple regions. | Ability to work well under pressure. | The minimum base salary for this role is $150,000 if located in New York. This expectation is based on available information at the time of posting. This role may be eligible for discretionary bonuses, which could constitute a significant portion of total compensation. This role may also be eligible for benefits, such as health, dental, and other wellness plans, as well as 401(k) contributions. Successful candidates’ compensation and benefits will be determined in consideration of various…",https://www.squarepoint-capital.com/open-opportunities?id=253413&gh_jid=253413,2026-07-22
Senior Quant Researcher - Volatility,Squarepoint Capital,Full-Time,Quantitative Research,No,"$150,000","Bangalore, Dubai, Geneva, Hong Kong, Houston, London, Madrid, Montreal, New York, Paris, Singapore, Zug, Boston",Research and implement strategies within the firm’s automated trading framework. Analyze large data sets using advanced statistical methods to identify trading opportunities. Develop a strong understanding of market structure of various exchanges and asset classes.,"Quantitative background - includes degrees in Mathematics, Statistics, Econometrics, Financial Engineering, Operations Research, Computer Science and Physics. | Programming proficiency with at least one major programming or scripting language (e.g. C++, Java, Python). | Strong communication skills and ability to work well with colleagues across multiple regions. | Ability to work well under pressure. | The minimum base salary for this role is $150,000 if located in New York. This expectation is based on available information at the time of posting. This role may be eligible for discretionary bonuses, which could constitute a significant portion of total compensation. This role may also be eligible for benefits, such as health, dental, and other wellness plans, as well as 401(k) contributions. Successful candidates’ compensation and benefits will be determined in consideration of various…",https://www.squarepoint-capital.com/open-opportunities?id=253414&gh_jid=253414,2026-07-22
Software Developer - Data Infrastructure,Squarepoint Capital,Full-Time,Quantitative Development,No,,"London, Montreal, Singapore","The Data Infrastructure team manages the service-oriented data storage infrastructure for the firm. We implement microservices that provide high performance solutions to access large data sets required in trading and research. We are looking for an experienced Software Developer with a strong background in C++ to join our team. In this role, you will be responsible for designing, developing, and maintaining the data infrastructure components that support our data processing and analytics pipelines. You will work closely with data engineers, data scientists, quantitative researchers and other stakeholders to ensure efficient and reliable data retrieval, processing and storage. Design, develop, and maintain data infrastructure microservices using C++ to process and analyze large data sets Optimize microservices for performance and scalability, ensuring efficient data processing Debug and…","Bachelor’s degree in Computer Science, Engineering, or related subject | 4+ years of professional software engineering experience | Proficiency in C++ | Experience working on microservices and/or asynchronous multithreaded applications | Ability to work in a fast-paced, deadline-driven environment. | Strong problem-solving and debugging skills | Experience working in a Linux environment | Excellent communication skills, comfortable interacting directly with stakeholders | Willingness to pick up and learn new technologies and frameworks",https://www.squarepoint-capital.com/open-opportunities?id=4992227&gh_jid=4992227,2026-07-22
Software Developer - Data Pipelines (Python),Squarepoint Capital,Full-Time,Quantitative Development,No,,"London, Montreal, Madrid, Bangalore","We are seeking an experienced Python developer to join our Alpha Data team, responsible for delivering a vast quantity of data served to users worldwide. You will be a cornerstone of a growing Data team, becoming a technical subject matter expert and developing strong working relationships with quant researchers, traders, and fellow colleagues across our Technology organization. Alpha Data teams are able to deploy valuable data to the rest of the Squarepoint business at speed. Ingestion pipelines and data transformation jobs are resilient and highly maintainable, while the data models are carefully designed in close collaboration with our researchers for efficient query construction and alpha generation. We achieve an economy of scale through building new frameworks, libraries, and services used to increase the team's quality of life, throughput, and code quality. Teamwork and…","4+ years of experience coding to a high standard in Python, | Bachelor's degree in a STEM subject, | Experience with and knowledge of SQL, and one or more common RDBMS systems (we mostly use Postgres), | Practical knowledge of commonly used protocols and tools used to transfer data (e.g. FTP, SFTP, HTTP APIs, AWS S3), | Excellent communication skills.",https://www.squarepoint-capital.com/open-opportunities?id=953511&gh_jid=953511,2026-07-22
Software Developer - Data Products and Services,Squarepoint Capital,Full-Time,Quantitative Development,No,,"Montreal, London, Singapore, Bangalore","The Data Products and Services team uses some of the most cutting-edge technologies and cloud offerings to design, build and maintain machine learning frameworks, data science tools, microservices, web applications and other data driven products. We actively seek to work with the latest technologies to improve our tech stack, knowledge, and existing processes. We collaborate closely with investment teams to deliver on business goals and priorities. Work with stakeholders across the business to understand the challenges faced, gather requirements, and collect documentation Build and maintain scalable, production grade backend applications using Python as well as frontend web applications using React Take ownership of the products you and your team work on to ensure continued support and improvements","Bachelor’s degree in Computer Science, Engineering, or related subject | 4+ years of professional software engineering experience | Proficiency in Python and web development | Experience with relational databases and document stores | Proven track record of owning or working on end-to-end full-stack applications | Excellent communication skills | Willingness to pick up and learn new technologies and frameworks",https://www.squarepoint-capital.com/open-opportunities?id=4346989&gh_jid=4346989,2026-07-22
Software Developer - Internal Compute Frameworks (Python),Squarepoint Capital,Full-Time,Quantitative Development,No,,"London, Montreal, Singapore, Warsaw","We are seeking an experienced and passionate Software Developer to join our growing team. In this role, you will play a key part in designing, building, and maintaining Squarepoint internal frameworks, services and platforms that power our business. You will have the opportunity to work with cutting-edge technologies and make a direct impact on the efficiency and productivity of both investment and technology teams within SquarePoint. Design, develop, and maintain high-quality, scalable, and performant software solutions. Contribute to the development of company-wide productivity tools, frameworks, and platforms that streamline operations across the organization. Collaborate with other developers and stakeholders to gather requirements, design solutions, and implement features. Write clean, well-documented, and testable Python code. Participate in code reviews and contribute to…","6+ years of professional software development experience. | Strong proficiency in high-performance Python, with a deep understanding of its ecosystems and best practices. | Prior experience with at least one JVM-based language such as Java, Kotlin, or Scala is a plus. | Solid understanding of distributed systems principles and experience working with distributed architectures. | Experience with containerization technologies (e.g., Docker, Kubernetes). | Experience working in a Linux environment, using version control. | Experience with CI/CD pipelines and automation tools.",https://www.squarepoint-capital.com/open-opportunities?id=4906785&gh_jid=4906785,2026-07-22
Software Developer - Internal Compute Frameworks (Rust),Squarepoint Capital,Full-Time,Quantitative Development,No,,"London, Montreal, Singapore, Warsaw","We are seeking an experienced and passionate Software Developer to join our growing team. In this role, you will play a key part in designing, building, and maintaining Squarepoint internal frameworks, services and platforms that power our business. You will have the opportunity to work with cutting-edge technologies and make a direct impact on the efficiency and productivity of both investment and technology teams within Squarepoint. Design, develop, and maintain scalable, production-grade distributed systems. Collaborate closely with investment stakeholders and other technology teams to align on project goals. Take full ownership of the systems developed by you and your team, ensuring their reliability and performance. Provide support and troubleshoot live production systems effectively. Engage actively in all stages of the software lifecycle, from gathering requirements to production…","Minimum of 6 years of full-time software development experience. | Proficiency and prior experience with C++ (a prerequisite for Rust positions within the firm). | Desire to work with Rust; prior experience is beneficial but not required. | Ability to demonstrate Rust programming skills through an interview process. | Hands-on experience implementing Docker and Kubernetes microservices in a production environment. | Experience with highly available distributed systems and/or working with large datasets. | Experience supporting and monitoring large production systems. | Excellent communication skills, with comfort in directly interacting with stakeholders. | Familiarity with a Linux environment and version control software. | Experience working with and designing CI/CD pipelines.",https://www.squarepoint-capital.com/open-opportunities?id=5986280&gh_jid=5986280,2026-07-22
Software Developer - Order Gateway,Squarepoint Capital,Full-Time,Quantitative Development,No,,"Montreal , London , Warsaw","Position Overview:The Order Gateway team develops and maintains Squarepoint’s order entry gateways, which are essential for routing orders and managing trade information across global exchanges and brokers for multiple asset classes. We are seeking a highly skilled senior developer who thrives on tackling technical challenges. This is an ideal opportunity for an ambitious developer seeking to accelerate their personal growth. You’ll gain exposure to technical leadership activities, such as mentoring, code review, architectural input, and project ownership. High performers in the role will have the opportunity to grow into leading small teams and taking on further responsibilities in project and people management. Take end-to-end ownership in designing, developing, testing, and optimizing high-performance order gateway solutions. Collaborate closely with stakeholders and cross-functional…","Bachelor’s Degree in Engineering, Computer Science, or related field. | 5+ years of professional software development experience. | Excellent communication and interpersonal skills; collaborative approach to working in global teams. | Expertise in software development best practices, version control, and testing methodologies. | Demonstrated proficiency in modern C++ development techniques. | Strong background in Linux environments. | Advanced knowledge of data structures and networking concepts. | Proficiency in Python.",https://www.squarepoint-capital.com/open-opportunities?id=609831&gh_jid=609831,2026-07-22
Software Developer - Risk Data Pipelines,Squarepoint Capital,Full-Time,Quantitative Development,No,,"Bangalore, Montreal, Warsaw","Risk Technology develops core services and systems required by Squarepoint’s systematic and quantitative trading strategies, such as real-time risk controls, position/inventory/P&L monitoring, internal order routing, and various pre and post-trading services. Risk Data Pipelines develops software on top of the core Risk Technology platform to handle market or asset-class specific processing, including: Trade Data Ingress - Normalize and stream trade data to Squarepoint's systems from trading platforms like Bloomberg, Fidessa and SpiderRock. Trade Data Egress - Feeds to 3rd party platforms to ensure trade booking correctness and regulatory compliance. Services and analytics used by investment and quant teams to understand Risk exposure, P&L and to improve capital efficiency. Automation of trading operations to support the growth of the business, such as the management of options & future…","Bachelor’s degree in computer science or related subject. | 4 years’ minimum Python experience working in the financial industry. | Team player with excellent communication skills. | Experience with database management systems and related technologies such as SQL. | Knowledge of traded financial instruments (Equity, FX, Credit or Rates).",https://www.squarepoint-capital.com/open-opportunities?id=271708&gh_jid=271708,2026-07-22
Software Developer - Risk Reliability,Squarepoint Capital,Full-Time,Quantitative Development,No,,"Singapore, Montreal , London","As a Reliability Software Engineer in the Risk team, you will play a critical role in ensuring the performance, stability and availability of the Risk software systems, as well as their day-to-day operations. Squarepoint's Risk platform is responsible for position management, profit/loss computation, inventory/locate management and internal order routing. These critical systems need to be performant, resilient, and capable of timely processing of high volumes of trading data. As such, the team requires a high software development capacity, along with strong analytical skills. You will primarily be building firm-wide platforms focused on extending Squarepoint's observability, preventing functional regressions and performance regressions, and automating operational flows. You will also make use of these platforms by implementing domain-specific logic on top of them, tailored to the…","Education: Bachelor’s degree in Computer Science or related subject | Experience: 4+ years proven experience in Software Engineering, Software Reliability, or similar role with hand-on experience in software development and providing L2 support | Experience of developing in Python, and familiarity with version control systems such as git | Experience working in a Linux environment | Problem-Solving Skills: Strong analytical and problem-solving skills with a keen eye for detail and a proactive approach to resolving issues | Communication: Excellent communication and collaboration skills to work effectively with cross-functional teams | Adaptability: Ability to work in a fast-paced and dynamic environment, adapting to changing priorities and requirements | Automation and Tooling: Experience developing automation tools and implementing configuration management",https://www.squarepoint-capital.com/open-opportunities?id=5384579&gh_jid=5384579,2026-07-22
Software Developer - Risk Technology,Squarepoint Capital,Full-Time,Quantitative Development,No,,"London, Montreal, Bangalore & Warsaw","Risk Technology is a global team that designs, builds and maintains Squarepoint’s trading risk platform, which is responsible for trade capture, position management, profit/loss computation, inventory/locate management and internal order routing. These critical systems need to be performant, resilient, and capable of timely processing of high volumes of trading data in both live and historical scenarios, requiring solutions to process, propagate and store rapidly changing datasets efficiently. The Risk platform is undergoing significant investment to build a new service orientated architecture. We’re looking for talented engineers with a passion for software development who enjoy working in a dynamic, global and collaborative environment, with a strong focus on engineering excellence.","Bachelor’s Degree in Engineering, Computer Science or related subject. | 4+ years’ C++ Linux based development experience. | Knowledge of data structures and algorithms. | Team player with excellent communication skills.",https://www.squarepoint-capital.com/open-opportunities?id=6212106&gh_jid=6212106,2026-07-22
C++ Software Engineer,Old Mission,Full-Time,Quantitative Development,No,,London,"Old Mission is a global proprietary trading firm that leverages state-of-the-art technology and research to identify and execute profitable trading strategies across multiple asset classes around the world. Our offices in Chicago, New York, and London are all composed of naturally-curious individuals who thrive in a team environment and constantly strive for improvement. Old Mission does not seek capital from outside investors, allowing us the flexibility to aggressively invest in our team members and keep them engaged in the firm’s growth. Old Mission Capital LLC, is looking to add a C++ Software Engineer to join our team in London. In this role, you will be building and optimizing our current automated trading infrastructure, and you will also be tasked with working directly with our Traders and Quants to develop the next generation of the firm’s trading algorithms and strategies.…","BS/BA degree in Computer Science, Engineering, or another technical related field | 7+ years of experience developing applications in modern C++ | Experience with C++ 11/14/17/20, Linux and Python and BASH scripting | In-depth knowledge of the Linux kernel, systems programming | A passion for solving challenging problems | Strong systems knowledge and prefer some experience in developing low latency systems | Experience with writing applications connecting to exchange API’s or using network protocols | Experience with parallel, concurrent, and multi-threaded programming | Prefer experience with low-latency computing and hardware-level design | Experience with Git, SVN, Mercurial",https://www.oldmissioncapital.com/careers/?gh_jid=6515984003,2026-07-22
C++ Software Engineer,Old Mission,Full-Time,Quantitative Development,No,"$175,000 - $300,000","New York, NY, United States","Old Mission is a global proprietary trading firm that leverages state-of-the-art technology and research to identify and execute profitable trading strategies across multiple asset classes around the world. Our offices in Chicago, New York, and London are all composed of naturally-curious individuals who thrive in a team environment and constantly strive for improvement. Old Mission does not seek capital from outside investors, allowing us the flexibility to aggressively invest in our team members and keep them engaged in the firm’s growth. Old Mission Capital LLC, is looking to add several C++ Software Engineers to join our team in NYC. In this role, you will be building and optimizing our current automated trading infrastructure, and you will also be tasked with working directly with our Traders and Quants to develop the next generation of the firm’s trading algorithms and strategies.…","BS/BA degree in Computer Science, Engineering, or another technical related field | 5+ years of experience developing applications in C++ (with at least 3 years of C++ 11) preferably with high availability systems with very tight latency constraints | Experience with C++ 11/14/17/20, Linux and Python and BASH scripting | In-depth knowledge of the Linux kernel, systems programming | A passion for solving challenging problems | Strong systems knowledge and prefer some experience in developing low latency systems | Experience with writing applications connecting to exchange API’s or using network protocols | Experience with parallel, concurrent, and multi-threaded programming | Prefer experience with low-latency computing and hardware-level design | Experience with Git, SVN, Mercurial",https://www.oldmissioncapital.com/careers/?gh_jid=5607344003,2026-07-22
C++ Software Engineer,Old Mission,Full-Time,Quantitative Development,No,"$175,000 - $300,000","Chicago, IL, United States","Old Mission is a global proprietary trading firm that leverages state-of-the-art technology and research to identify and execute profitable trading strategies across multiple asset classes around the world. Our offices in Chicago, New York, and London are all composed of naturally-curious individuals who thrive in a team environment and constantly strive for improvement. Old Mission does not seek capital from outside investors, allowing us the flexibility to aggressively invest in our team members and keep them engaged in the firm’s growth. Old Mission Capital LLC, is looking to add several C++ Software Engineers to join our team in Chicago. In this role, you will be building and optimizing our current automated trading infrastructure, and you will also be tasked with working directly with our Traders and Quants to develop the next generation of the firm’s trading algorithms and…","BS/BA degree in Computer Science, Engineering, or another technical related field | 2+ years of experience developing applications in C++, preferably with high availability systems with very tight latency constraints | Experience with C++ 11/14/17/20, Linux and Python and BASH scripting | In-depth knowledge of the Linux kernel, systems programming | A passion for solving challenging problems | Strong systems knowledge and prefer some experience in developing low latency systems | Experience with writing applications connecting to exchange API’s or using network protocols | Experience with parallel, concurrent, and multi-threaded programming | Prefer experience with low-latency computing and hardware-level design | Experience with Git, SVN, Mercurial",https://www.oldmissioncapital.com/careers/?gh_jid=5607340003,2026-07-22
Junior Quantitative Researcher (Ph.D.),Old Mission,Full-Time,Quantitative Research,No,"$175,000 - $250,000","Chicago, IL, United States","Old Mission is a global proprietary trading firm that leverages state-of-the-art technology and research to identify and execute profitable trading strategies across multiple asset classes around the world. Our offices in Chicago, New York, and London are all composed of naturally-curious individuals who thrive in a team environment and constantly strive for improvement. Old Mission does not seek capital from outside investors, allowing us the flexibility to aggressively invest in our team members and keep them engaged in the firm’s growth. We are actively seeking a Junior Quantitative Researcher (Ph.D.) to join our Chicago office. In this role, you will collaborate directly with our options trading group, contributing to the enhancement of existing pricing models, and spearheading the development of cutting-edge models and tools. The primary focus will be on efficiently pricing…","Must have a Masters or Ph.D. in a quantitative discipline, encompassing fields such as computer science, engineering, physics, mathematics, statistics, or other hard sciences, with an anticipated graduation date of Summer 2027. | Proficient in derivatives and volatility modeling, including the construction and calibration of forward curves and volatility surfaces. Possess extensive knowledge of equity and index derivative products, including variance derivatives, VIX, and other related instruments. Experience with dividend swaps and futures is considered advantageous. | Must have programming skills in Python and C++ are a prerequisite | Demonstrated exceptional written and verbal communication skills, with the ability to manage multiple tasks in a time-sensitive, collaborative, and fast-paced environment. | A team-oriented problem solver with the capacity to thrive under pressure,…",https://www.oldmissioncapital.com/careers/?gh_jid=6309652003,2026-07-22
Junior Quantitative Trader (Asian Market Hours),Old Mission,Full-Time,Quantitative Trading,No,"$125,000 - $150,000","Chicago, IL, United States","Old Mission is a global proprietary trading firm that leverages state-of-the-art technology and research to identify and execute profitable trading strategies across multiple asset classes around the world. Our offices in Chicago, New York, and London are all composed of naturally-curious individuals who thrive in a team environment and constantly strive for improvement. Old Mission does not seek capital from outside investors, allowing us the flexibility to aggressively invest in our team members and keep them engaged in the firm’s growth. Old Mission Capital, a quantitative proprietary trading firm, is currently recruiting a Junior Quantitative Trader (Asian Market hours) to join our Chicago office. Our traders work in teams to seek out and profitably trade mispriced securities. The junior trader needs to be driven and have a passion for understanding how things work. The job…","A degree in a quantitative field such as computer science, engineering, or one of the hard sciences. | Proficiency with at least one of the following languages: Python, C++, JAVA, VBA, R, Matlab or Ruby | 2+ years of relevant trading experience. | Experienced with automated trading systems. | Proven trustworthiness and performance under the highest ethical standards. | Great attention to detail. | Ability to solve problems in a high-pressure environment. | Superior written and verbal communication skills. | Must be self-motivated, dependable, responsible and results driven. | Maintain integrity at all times. | A desire to work Asian market hours. Work hours will include US holidays if the international markets are open. | A strong work ethic and ability to adapt quickly in a fast-paced environment.",https://www.oldmissioncapital.com/careers/?gh_jid=7666119003,2026-07-22
Python Software Engineer,Old Mission,Full-Time,Quantitative Development,No,,London,"Old Mission is a global proprietary trading firm that leverages state-of-the-art technology and research to identify and execute profitable trading strategies across multiple asset classes around the world. Our offices in Chicago, New York, and London are all composed of naturally-curious individuals who thrive in a team environment and constantly strive for improvement. Old Mission does not seek capital from outside investors, allowing us the flexibility to aggressively invest in our team members and keep them engaged in the firm’s growth. We are on the lookout for Software Engineers who excel in Python. As a Software Engineer, you'll play a pivotal role on your team, taking ownership of cutting-edge projects. Your primary responsibilities will encompass the refinement and advancement of our trading systems and mission-critical applications. Additionally, you'll collaborate closely…","Bachelor's degree in Computer Science, Mathematics, or a related Engineering/Science discipline | A minimum of 3 years of professional Python experience in a production environment | High proficiency in Python on Linux Platforms | Familiarity with relational databases (e.g. PostgreSQL, MySQL, etc.) | Exceptional written and verbal communication skills | A collaborative team player with a knack for owning and driving exciting projects | Thrives in a fast-paced work environment, showcasing effective problem-solving abilities",https://www.oldmissioncapital.com/careers/?gh_jid=7683739003,2026-07-22
Python Software Engineer,Old Mission,Full-Time,Quantitative Development,No,"$150,000 - $225,000","Chicago, IL, United States","Old Mission is a global proprietary trading firm that leverages state-of-the-art technology and research to identify and execute profitable trading strategies across multiple asset classes around the world. Our offices in Chicago, New York, and London are all composed of naturally-curious individuals who thrive in a team environment and constantly strive for improvement. Old Mission does not seek capital from outside investors, allowing us the flexibility to aggressively invest in our team members and keep them engaged in the firm’s growth. We are on the lookout for Software Engineers who excel in Python. As a Software Engineer, you'll play a pivotal role on your team, taking ownership of cutting-edge projects. Your primary responsibilities will encompass the refinement and advancement of our trading systems and mission-critical applications. Additionally, you'll collaborate closely…","Bachelor's degree in Computer Science, Mathematics, or a related Engineering/Science discipline | A minimum of 2 years of professional Python experience in a production environment | High proficiency in Python on Linux Platforms | Familiarity with relational databases (e.g. PostgreSQL, MySQL, etc.) | Exceptional written and verbal communication skills | A collaborative team player with a knack for owning and driving exciting projects | Thrives in a fast-paced work environment, showcasing effective problem-solving abilities",https://www.oldmissioncapital.com/careers/?gh_jid=5594469003,2026-07-22
Python Software Engineer,Old Mission,Full-Time,Quantitative Development,No,"$150,000 - $225,000","New York, NY, United States","Old Mission is a global proprietary trading firm that leverages state-of-the-art technology and research to identify and execute profitable trading strategies across multiple asset classes around the world. Our offices in Chicago, New York, and London are all composed of naturally-curious individuals who thrive in a team environment and constantly strive for improvement. Old Mission does not seek capital from outside investors, allowing us the flexibility to aggressively invest in our team members and keep them engaged in the firm’s growth. We are on the lookout for Software Engineers who excel in Python. As a Software Engineer, you'll play a pivotal role on your team, taking ownership of cutting-edge projects. Your primary responsibilities will encompass the refinement and advancement of our trading systems and mission-critical applications. Additionally, you'll collaborate closely…","Bachelor's degree in Computer Science, Mathematics, or a related Engineering/Science discipline | A minimum of 2 years of professional Python experience in a production environment | High proficiency in Python on Linux Platforms | Familiarity with relational databases (e.g. PostgreSQL, MySQL, etc.) | Exceptional written and verbal communication skills | A collaborative team player with a knack for owning and driving exciting projects | Thrives in a fast-paced work environment, showcasing effective problem-solving abilities",https://www.oldmissioncapital.com/careers/?gh_jid=7724739003,2026-07-22
Quantitative Researcher,Old Mission,Full-Time,Quantitative Research,No,"$170,000 - $300,000","New York, NY, United States","Old Mission is a global proprietary trading firm that leverages state-of-the-art technology and research to identify and execute profitable trading strategies across multiple asset classes around the world. Our offices in Chicago, New York, and London are all composed of naturally-curious individuals who thrive in a team environment and constantly strive for improvement. Old Mission does not seek capital from outside investors, allowing us the flexibility to aggressively invest in our team members and keep them engaged in the firm’s growth. We're constantly asking questions to improve what we already do and explore new opportunities. As a Quantitative Researcher in our NYC office, you'll work directly with our traders and research infrastructure to: Conduct research and analyze large data sets to develop and implement alpha signals while contributing to portfolio construction…","An advanced degree in a quantitative field such as computer science, an engineering discipline, mathematics, statistics, or physics | A deep technical understanding of advanced statistical techniques | 3+ years of relevant equity trading experience | Expertise building statistical models equity forecasts, with a proven track record of deploying such models to production equity trading systems | Proficiency in at least one of the following languages: C++, Python, R, Matlab, Ruby, Java | Experience leading a team of researchers, either in industry or academia | Superior written and verbal communication skills",https://www.oldmissioncapital.com/careers/?gh_jid=4461365003,2026-07-22
Quantitative Researcher (ETFs),Old Mission,Full-Time,Quantitative Research,No,"$170,000 - $300,000","Chicago, IL, United States","Old Mission is a global proprietary trading firm that leverages state-of-the-art technology and research to identify and execute profitable trading strategies across multiple asset classes around the world. Our offices in Chicago, New York, and London are all composed of naturally-curious individuals who thrive in a team environment and constantly strive for improvement. Old Mission does not seek capital from outside investors, allowing us the flexibility to aggressively invest in our team members and keep them engaged in the firm’s growth. We are currently recruiting a Quantitative Researcher to join our ETF trading team in our Chicago headquarters. This Quantitative Researcher will be working directly with our international and domestic ETF/Equities trading group to review and develop pricing models, analyze and evaluate trades, and participate in idea generation to improve current…","An advanced degree in a quantitative field such as computer science, engineering, mathematics, statistics, or one of the hard sciences. | Demonstrated expertise in statistical analysis. Ideally 5+ years of experience within quantitative research. | Programming skills in Python is a must and experience with VBA, R, Matlab, Java would be a good complement. | Exceptional communication both written and verbal and have the ability to handle multiple tasks in a time sensitive, fast paced, collaborative, collegial environment. | The ability to work and solve problems as part of a team, often in a high-pressure environment. | Successful candidates will have a passion for the financial market, working with large amounts of data and are strategic thinkers. Must be organized and detail-oriented and have the ability to manage multiple work streams. | Proven trustworthiness and performance under the…",https://www.oldmissioncapital.com/careers/?gh_jid=6220800003,2026-07-22
Quantitative Researcher (Experienced - Ph.D.),Old Mission,Full-Time,Quantitative Research,No,"$175,000 - $250,000","Chicago, IL, United States","Old Mission is a global proprietary trading firm that leverages state-of-the-art technology and research to identify and execute profitable trading strategies across multiple asset classes around the world. Our offices in Chicago, New York, and London are all composed of naturally-curious individuals who thrive in a team environment and constantly strive for improvement. Old Mission does not seek capital from outside investors, allowing us the flexibility to aggressively invest in our team members and keep them engaged in the firm’s growth. We are actively seeking a Quantitative Researcher (Ph.D.) to join our Chicago office. In this role, you will collaborate directly with our options trading group, contributing to the enhancement of existing pricing models, and spearheading the development of cutting-edge models and tools. The primary focus will be on efficiently pricing…","Must have a Masters or Ph.D. in a quantitative discipline, encompassing fields such as computer science, engineering, physics, mathematics, statistics, or other hard sciences. | Proficient in derivatives and volatility modeling, including the construction and calibration of forward curves and volatility surfaces. Possess extensive knowledge of equity and index derivative products, including variance derivatives, VIX, and other related instruments. Experience with dividend swaps and futures is considered advantageous. | Must have programming skills in Python and C++ are a prerequisite. | Demonstrated exceptional written and verbal communication skills, with the ability to manage multiple tasks in a time-sensitive, collaborative, and fast-paced environment. | A team-oriented problem solver with the capacity to thrive under pressure, exhibiting a genuine passion for the financial markets.…",https://www.oldmissioncapital.com/careers/?gh_jid=7513238003,2026-07-22
Quantitative Researcher (Fixed Income),Old Mission,Full-Time,Quantitative Research,No,"$175,000 - $250,000","Chicago, IL, United States","Old Mission is a global proprietary trading firm that leverages state-of-the-art technology and research to identify and execute profitable trading strategies across multiple asset classes around the world. Our offices in Chicago, New York, and London are all composed of naturally-curious individuals who thrive in a team environment and constantly strive for improvement. Old Mission does not seek capital from outside investors, allowing us the flexibility to aggressively invest in our team members and keep them engaged in the firm’s growth. Old Mission Capital, a global quantitative proprietary trading firm, is currently hiring a talented Quantitative Researcher to join our growing Fixed Income operation. The ideal candidate will have experience trading fixed income assets, corporate bonds, and other debt instruments. This Quantitative Researcher will be familiar with building and…","Qualified candidates will have an advanced degree in a quantitative field (preferably a Ph.D. in engineering, statistics, mathematics or a hard science). | Candidates need to have exceptionally high mathematical and programming skills (must be proficient in Python, VBA, or R). | Strong quantitative, analytical, research-oriented and problem-solving skills. | Superior communication, both written and verbal, and has the ability to handle multiple tasks in a time-sensitive, fast-paced, collaborative, collegial environment. | Successful candidates will have a passion for the financial markets and will have an entrepreneurial mindset as the team is growing and this individual will be a value-added contributor who will have an immediate impact. | Demonstrated experience in US corporate bonds is required. | Qualified candidates will have previous experience in TCA, execution quality…",https://www.oldmissioncapital.com/careers/?gh_jid=6519353003,2026-07-22
Quantitative Researcher (Systematic Equities),Old Mission,Full-Time,Quantitative Research,No,"$200,000 - $350,000","New York, NY, United States","Old Mission is a global proprietary trading firm that leverages state-of-the-art technology and research to identify and execute profitable trading strategies across multiple asset classes around the world. Our offices in Chicago, New York, and London are all composed of naturally-curious individuals who thrive in a team environment and constantly strive for improvement. Old Mission does not seek capital from outside investors, allowing us the flexibility to aggressively invest in our team members and keep them engaged in the firm’s growth. Old Mission is looking to hire a Quantitative Researcher for our growing Global Equities team in our New York City Office. We are seeking a Quantitative Researcher to design, research, and deploy systematic trading strategies across global equity markets. The role involves end-to-end ownership of the research process, from alpha generation to signal…","Degree in a quantitative discipline such as Mathematics, Physics, Statistics, Computer Science, Operations Research, or a related quantitative field | 4+ years of experience in quantitative research or systematic trading in Global Equities | Proficiency in Python is required | Deep understanding of portfolio level risks; exposure to style/factor risk | Experience working with large financial datasets and building research pipelines | Highly organized and detail-oriented, with the ability to manage multiple work streams concurrently | Exceptional written and verbal communication skills, with the ability to manage multiple tasks in a time-sensitive, collaborative, and fast-paced environment | Proven track record of trustworthiness and performance, consistently adhering to the highest ethical standards",https://www.oldmissioncapital.com/careers/?gh_jid=7608814003,2026-07-22
Quantitative Trader,Old Mission,Full-Time,Quantitative Trading,No,,London,"Old Mission is a global proprietary trading firm that leverages state-of-the-art technology and research to identify and execute profitable trading strategies across multiple asset classes around the world. Our offices in Chicago, New York, and London are all composed of naturally-curious individuals who thrive in a team environment and constantly strive for improvement. Old Mission does not seek capital from outside investors, allowing us the flexibility to aggressively invest in our team members and keep them engaged in the firm’s growth. Old Mission Europe is a quantitative proprietary trading firm and is currently recruiting a quant trader to join our London office. Our traders work in teams to seek out and profitably trade mispriced securities. The quant trader job responsibilities will include disciplined decision making, risk management, derivative pricing, and researching new…","An undergraduate or an advanced degree in a quantitative field such as computer science, engineering, or one of the hard sciences | Proficiency with at least one of the following languages: Python, C++, Java, VBA, R, Matlab, or Ruby | The ability to work and solve problems as part of a team, often in a high-pressure environment | 1+ years of relevant trading experience | Proven trustworthiness and performance under the highest ethical standards | A strong desire for knowledge and to understand how things work | Superior written and verbal communication skills",https://www.oldmissioncapital.com/careers/?gh_jid=4455441003,2026-07-22
Quantitative Trader,Old Mission,Full-Time,Quantitative Trading,No,"$170,000 - $225,000","New York, NY, United States","Old Mission is a global proprietary trading firm that leverages state-of-the-art technology and research to identify and execute profitable trading strategies across multiple asset classes around the world. Our offices in Chicago, New York, and London are all composed of naturally-curious individuals who thrive in a team environment and constantly strive for improvement. Old Mission does not seek capital from outside investors, allowing us the flexibility to aggressively invest in our team members and keep them engaged in the firm’s growth. The Quantitative ETF Trader is responsible for executing and managing trades of ETFs across various markets to achieve optimal portfolio performance, maintain accurate pricing, and ensure liquidity. Execute ETF trades using various trading platforms and strategies to minimize market impact Monitor and analyze market conditions to identify trading…","Bachelor's degree in Finance, Economics, Mathematics, or a related field | 3+ years of experience in trading ETFs or similar financial instruments | Strong understanding of ETF structures, creation/redemption processes, and market mechanics | Proficiency with trading platforms and analytical tools | Excellent analytical and decision-making skills | Ability to work under pressure in a fast-paced environment | Series 7 and 57 licenses preferred",https://www.oldmissioncapital.com/careers/?gh_jid=5022967003,2026-07-22
Quantitative Trader – 2027 Graduate Program (August Start),Old Mission,Full-Time,Quantitative Trading,No,"$200,000","Chicago, IL or New York, NY","Old Mission is a global proprietary trading firm that leverages state-of-the-art technology and research to identify and execute profitable trading strategies across multiple asset classes around the world. Our offices in Chicago, New York, and London are all composed of naturally-curious individuals who thrive in a team environment and constantly strive for improvement. Old Mission does not seek capital from outside investors, allowing us the flexibility to aggressively invest in our team members and keep them engaged in the firm’s growth. Our traders work in teams to seek out and profitably trade mispriced securities. The junior traders job responsibilities will include disciplined decision making, risk management, derivative pricing, and researching new opportunities. If you are looking to be a value added member to our team and have an immediate contribution in building out our…","An undergraduate or an advanced degree in a quantitative field such as computer science, engineering, or one of the hard sciences | Proficiency with at least one of the following languages: Python or C++ | The ability to work and solve problems as part of a team, often in a high-pressure environment | Proven trustworthiness and performance under the highest ethical standards | A strong desire for knowledge and to understand how things work | Superior written and verbal communication skills | A strong work ethic and ability to adapt quickly in a fast-paced environment",https://www.oldmissioncapital.com/careers/?gh_jid=7796044003,2026-07-22
Quantitative Trader – 2027 Graduate Program (August Start),Old Mission,Full-Time,Quantitative Trading,No,,London,"Old Mission is a global proprietary trading firm that leverages state-of-the-art technology and research to identify and execute profitable trading strategies across multiple asset classes around the world. Our offices in Chicago, New York, and London are all composed of naturally-curious individuals who thrive in a team environment and constantly strive for improvement. Old Mission does not seek capital from outside investors, allowing us the flexibility to aggressively invest in our team members and keep them engaged in the firm’s growth. Our traders work in teams to seek out and profitably trade mispriced securities. The junior traders' job responsibilities will include disciplined decision making, risk management, derivative pricing, and researching new opportunities. If you are looking to be a value added member to our team and have an immediate contribution in building out our…","An undergraduate or an advanced degree in a quantitative field such as computer science, engineering, or one of the hard sciences | Proficiency with at least one of the following languages: Python, C++, VBA, Java, R, Matlab | The ability to work and solve problems as part of a team, often in a high-pressure environment | Proven trustworthiness and performance under the highest ethical standards | A strong desire for knowledge and to understand how things work | Superior written and verbal communication skills | A strong work ethic and ability to adapt quickly in a fast-paced environment",https://www.oldmissioncapital.com/careers/?gh_jid=7796058003,2026-07-22
Quantitative Trader – 2027 Graduate Program (February Start),Old Mission,Full-Time,Quantitative Trading,No,"$200,000","Chicago, IL or New York, NY","Old Mission is a global proprietary trading firm that leverages state-of-the-art technology and research to identify and execute profitable trading strategies across multiple asset classes around the world. Our offices in Chicago, New York, and London are all composed of naturally-curious individuals who thrive in a team environment and constantly strive for improvement. Old Mission does not seek capital from outside investors, allowing us the flexibility to aggressively invest in our team members and keep them engaged in the firm’s growth. Our traders work in teams to seek out and profitably trade mispriced securities. The junior traders job responsibilities will include disciplined decision making, risk management, derivative pricing, and researching new opportunities. If you are looking to be a value added member to our team and have an immediate contribution in building out our…","An undergraduate or an advanced degree in a quantitative field such as computer science, engineering, or one of the hard sciences | Proficiency with at least one of the following languages: Python or C++ | The ability to work and solve problems as part of a team, often in a high-pressure environment | Proven trustworthiness and performance under the highest ethical standards | A strong desire for knowledge and to understand how things work | Superior written and verbal communication skills | A strong work ethic and ability to adapt quickly in a fast-paced environment",https://www.oldmissioncapital.com/careers/?gh_jid=7796031003,2026-07-22
Quantitative Trader (Options),Old Mission,Full-Time,Quantitative Trading,No,"$150,000 - $200,000","Chicago, IL, United States","Old Mission is a global proprietary trading firm that leverages state-of-the-art technology and research to identify and execute profitable trading strategies across multiple asset classes around the world. Our offices in Chicago, New York, and London are all composed of naturally-curious individuals who thrive in a team environment and constantly strive for improvement. Old Mission does not seek capital from outside investors, allowing us the flexibility to aggressively invest in our team members and keep them engaged in the firm’s growth. Implement and calibrate systematic market-making strategies that provide liquidity in CME options on futures. Develop pricing models in collaboration with our quantitative research team. Build desk tooling for pricing, risk management, and opportunity identification. Manage a portfolio of fixed income volatility products across different assets with…","An undergraduate or an advanced degree in a quantitative field such as computer science, engineering, or one of the hard sciences. | 1-4 years of trading experience encompassing algorithmic trading and a strong knowledge of options theory. | Proficiency with at least one of the following languages: Python, C++, Java, VBA, Matlab, or Ruby. | The ability to work and solve problems as part of a team, often in a high-pressured environment. | A strong desire for knowledge and to understand how things work. | Proven trustworthiness and performance under the highest ethical standards.",https://www.oldmissioncapital.com/careers/?gh_jid=6088836003,2026-07-22
Software Engineer – 2027 Graduate Program (August Start),Old Mission,Full-Time,Quantitative Development,No,"$175,000 - $200,000","Chicago, IL, United States","Old Mission is a global proprietary trading firm that leverages state-of-the-art technology and research to identify and execute profitable trading strategies across multiple asset classes around the world. Our offices in Chicago, New York, and London are all composed of naturally-curious individuals who thrive in a team environment and constantly strive for improvement. Old Mission does not seek capital from outside investors, allowing us the flexibility to aggressively invest in our team members and keep them engaged in the firm’s growth. Our development program is geared for college graduates who want to work alongside our talented software engineers creating impactful solutions to further the firm’s market initiatives. Responsibilities include developing and supporting C++ based trading applications and tools. You will be given immediate responsibilities which will significantly…","An undergraduate or an advanced degree in a quantitative field such as Computer Science, Engineering, or one of the hard sciences | Minimum 3.0 GPA | Knowledge of C++ and Python, SQL, JavaScript, React | Understanding of systems programming, data structures, and algorithms | Familiarity working in a Linux environment | Strong analytical and problem solving skills | Great communication skills, both written and verbal | A strong work ethic and ability to adapt quickly in a fast-paced environment",https://www.oldmissioncapital.com/careers/?gh_jid=7796048003,2026-07-22
Software Engineer – 2027 Internship Program (June Start),Old Mission,Internship,Quantitative Development,No,"$150,000 - $200,000","Chicago, IL, United States","Old Mission is a global proprietary trading firm that leverages state-of-the-art technology and research to identify and execute profitable trading strategies across multiple asset classes around the world. Our offices in Chicago, New York, and London are all composed of naturally-curious individuals who thrive in a team environment and constantly strive for improvement. Old Mission does not seek capital from outside investors, allowing us the flexibility to aggressively invest in our team members and keep them engaged in the firm’s growth. Our internship program is geared for current students who want to work alongside our talented software engineers creating impactful solutions to further the firm's market initiatives. We are a smaller firm, which means you'll get to know the people you're working with and they'll get to know you. Responsibilities include supporting the development of…","Currently pursuing a bachelor's or master's in Computer Science, Computer Engineering, or a similar technical field | Minimum 3.0 GPA | A strong work ethic and ability to adapt quickly in a fast-paced environment | At least junior standing, with a graduation date of December 2027 or May 2028 | Comfortable with one or more of C++, Python or TypeScript | A solid grasp of computer science fundamentals: data structures, algorithms, systems | Genuine interest in markets and how software supports them | Ability to start the internship on June 1, 2027 | No finance experience is required",https://www.oldmissioncapital.com/careers/?gh_jid=7796180003,2026-07-22
2027 - Quant Research Intern - IIT Bombay,IMC Trading,Internship,Quantitative Research,No,,"Amsterdam, Netherlands; Mumbai, India","IMC is a leading global trading firm that combines technology, advanced quantitative research, and cutting-edge machine learning techniques to make markets more efficient. With a strong focus on innovation, we leverage mathematical models and high-performance computing to drive our trading decisions. As a Quant Research Intern, you’ll work at the intersection of data science, financial markets, and algorithmic trading solving real-world challenges that drive our trading strategies. This internship program offers a unique opportunity to gain hands-on experience in quantitative research, supported by structured learning, real-world project work, and direct mentorship from senior IMC employees.","Currently pursuing a bachelor’s or master’s degree in a highly quantitative field, such as Mathematics, Statistics, Computer Science, Physics, Engineering, or a related discipline. Strong analytical and problem-solving skills, with a keen interest in applying mathematical and statistical techniques to real-world challenges. Proficient in programming, preferably in Python, or other relevant languages like C++, Java, Matlab, or R. Curious and driven, with a passion for learning, adapting, and innovating in a fast-paced trading environment. Excellent communication skills, with the ability to distil complex concepts into clear, actionable insights.",https://job-boards.eu.greenhouse.io/imc/jobs/4860277101,2026-07-22
2027 - Software Engineering Intern - BITS Pilani,IMC Trading,Internship,Quantitative Development,No,,"Mumbai, India","If so, then join IMC as a Software Engineer Intern! At IMC, Software Engineers don’t just write software and design technology. They are responsible for spotting new opportunities, developing new technologies and solving problems. As a result, they deliver results and make a difference. IMC knows that having the best software is what drives our business. Software development here is innovative, pragmatic and fun, even as complexity grows. As a Software Engineer Intern you will learn what it means to be an Engineer in a real world environment. The internship programme is focused on enhancing your knowledge of algorithm complexity, data structures and writing fluent code. Your responsibility does not stop at programming; it also encompasses knowledge building of our business model and building relationships across our trading and technology teams. As a Software Engineer intern at IMC you…",• Student in penultimate year of Software Engineering or Computer Science with a current GPA of 8.00 or higher | • Must have strong knowledge of algorithms and data structures | • Strong analytical skills and desire to solve complicated problems programmatically | • Must have proficient experience in a programming language (Java or C++ preferred) | • Willingness to interact and work closely with non-engineers in a constantly changing environment | • Interest in the Financial Markets; previous knowledge is NOT required | Apply now.,https://job-boards.eu.greenhouse.io/imc/jobs/4917549101,2026-07-22
2027 - Software Engineering Intern - IIT Bombay,IMC Trading,Internship,Quantitative Development,No,,"Mumbai, India","If so, then join IMC as a Software Engineer Intern! At IMC, Software Engineers don’t just write software and design technology. They are responsible for spotting new opportunities, developing new technologies and solving problems. As a result, they deliver results and make a difference. IMC knows that having the best software is what drives our business. Software development here is innovative, pragmatic and fun, even as complexity grows. As a Software Engineer Intern you will learn what it means to be an Engineer in a real world environment. The internship programme is focused on enhancing your knowledge of algorithm complexity, data structures and writing fluent code. Your responsibility does not stop at programming; it also encompasses knowledge building of our business model and building relationships across our trading and technology teams. As a Software Engineer intern at IMC you…",• Student in penultimate year of Software Engineering or Computer Science with a current GPA of 8.00 or higher | • Must have strong knowledge of algorithms and data structures | • Strong analytical skills and desire to solve complicated problems programmatically | • Must have proficient experience in a programming language (Java or C++ preferred) | • Willingness to interact and work closely with non-engineers in a constantly changing environment | • Interest in the Financial Markets; previous knowledge is NOT required | Apply now.,https://job-boards.eu.greenhouse.io/imc/jobs/4860319101,2026-07-22
C++ Software Engineer,IMC Trading,Full-Time,Quantitative Development,No,"$175,000","Chicago, United States; New York, United States","IMC is seeking a highly skilled C++ Software Engineer to join our Chicago team. As a Software Engineer, you will design and develop software solutions tailored to the hardware-specific needs of our global trading system with a focus on optimizing performance. Our dynamic, fast-paced tech environment enables collaboration and rapid feedback loops across global teams. You will be responsible for spotting new opportunities, solving problems and developing innovative technologies. Software development here is innovative, pragmatic and fun, even as complexity grows. Design and build low latency, high-performance trading systems Optimize production code and other system components to achieve low-latency and high-throughput capabilities Write highly performant software solutions to control and interface with hardware components such as ASICs and FPGAS Work closely with hardware engineers and…","Bachelor’s or Master’s degree in Computer Science, Computer Engineering, or related field of study | 2+ years of professional experience using modern C++ in a low-latency environment | Experience with software development for hardware platforms | Knowledge of trading systems and financial markets is a strong plus | Excellent problem-solving and communication skills",https://job-boards.eu.greenhouse.io/imc/jobs/4673650101,2026-07-22
C++ Software Engineer,IMC Trading,Full-Time,Quantitative Development,No,,"Amsterdam, Netherlands","As a software engineer, you’ll work in multidisciplinary teams alongside other engineers as well as traders, researchers, and quants to deliver challenging projects, while taking ownership for end-to-end product development – from requirements gathering to production. You’ll write reliable, high-performance software while balancing time to production with quality and testability. Advanced automated testing and daily deployments will allow you to achieve agile and incremental benefits. Within a complex landscape of varying systems and technologies, you’ll be constantly challenged to consider trade-offs between latency, throughput, simplicity, scalability and maintainability. Coding, developing, testing, deploying and maintaining applications and automations for Trading Teams and/or Hardware Development and Execution Teams. Working through internal client requests. Gathering details,…","Minimum 5+ years professional working experience as a software engineer post graduation | Strong programming skills in C++. Experience in the latest versions of C++ is highly desirable | Familiarity with Python scripting | Familiarity with Docker and Kubernetes | Comfortable in Linux environments | Experience gathering business requirements, communicating with key stakeholders and delivering solutions quickly | The ability to work on greenfield projects under minimal supervision and to take full ownership of the applications you build | A high degree of flexibility and adaptability: willing and able to deal with uncertainty and ambiguity in a rapidly evolving environment | Strong troubleshooting and diagnostic skills; ability to solve problems creatively and proactively | Prior knowledge of trading / capital markets is not required. Curiosity and a willingness to learn is.",https://job-boards.eu.greenhouse.io/imc/jobs/4634204101,2026-07-22
C++ Software Engineer,IMC Trading,Full-Time,Quantitative Development,No,,"Mumbai, India","IMC’s Mumbai based C++ Execution development teams work on software that sits directly in the latency-critical loop of our technology stack and touches every part of our organization. From ensuring our connectivity to the market and handling massive amounts of data, to implementing complex trading algorithms and integrating advanced hardware solutions. As a software engineer, you’ll work in multidisciplinary teams alongside other engineers as well as traders, researchers, and quants to deliver challenging projects, while taking ownership for end-to-end product development – from requirements gathering to production. You’ll write reliable, high-performance software while balancing time to production with quality and testability. Advanced automated testing and daily deployments will allow you to achieve agile and incremental benefits. Within a complex landscape of varying systems and…","Strong academic background in Computer Science (B. Tech/B.E), with 4-8 years of work experience in C++ | Natural problem-solvers, who enjoy tackling fresh challenges each day | Team players: to succeed, SWEs must be able to build strong relationships with those around them | Excellent written and verbal communication skills; fluency in English",https://job-boards.eu.greenhouse.io/imc/jobs/4282973101,2026-07-22
C++ Software Engineer,IMC Trading,Full-Time,Quantitative Development,No,,"Sydney,  Australia","At IMC, technology is not a department; it’s at the heart of everything we do. Developed in-house, our innovative software makes millions of trading decisions daily, and we win by making better and faster decisions than our competition. IMC’s Sydney based C++ Execution development teams work on software that sits directly in the latency-critical loop of our technology stack and touches every part of our organisation. From ensuring our connectivity to the market and handling massive amounts of data, to implementing complex trading algorithms and integrating advanced hardware solutions. As a Software Engineer, you’ll work in multidisciplinary teams alongside other engineers as well as Traders, Researchers, and Quants to deliver challenging projects, while taking ownership for end-to-end product development – from requirements gathering to production. You’ll write reliable,…","Strong programming skills in C++. Experience in latest versions of C++ highly desirable | Comfortable in Linux environments | Experience gathering business requirements, communicating with key stakeholders and delivering solutions quickly | The ability to work on greenfield projects under minimal supervision and to take full ownership of the applications you build | A high degree of flexibility and adaptability: willing and able to deal with uncertainty and ambiguity in a rapidly evolving environment | Strong troubleshooting and diagnostic skills; ability to solve problems creatively and proactively | Prior knowledge of trading / capital markets is not required. Curiosity and a willingness to learn is. | Familiarity with Python – preferred | Familiarity with Docker and Kubernetes",https://job-boards.eu.greenhouse.io/imc/jobs/4760871101,2026-07-22
C++ Software Engineer,IMC Trading,Full-Time,Quantitative Development,No,,"Aarhus, Central Denmark Region, Denmark","IMC is building a new Energy Trading business in Aarhus, Denmark, the hub for power and gas trading in Europe. Backed by one of the world’s most successful trading firms, this new venture combines the energy and autonomy of a startup with the global reach, stability, and expertise of IMC’s 30+ years in trading. We are building a strong, independent Aarhus-based team with local leadership, supported by IMC’s world-class technology, quantitative research, and trading infrastructure. To achieve our ambitious hiring goals, we are seeking strong Software Engineers to join the team and play a pivotal role in helping us grow this new business. Build, as part of a team, a full technology stack that supports power and gas trading, including exchange connectivity, trading systems, trading strategies, data analysis, and pricing. We are looking for strong developers that specialize in back-end,…","Strong academic background, preferably in computer science or a quantitative field | 3+ years of professional experience as a software engineer | Strong programming skills in C++ or comparable (eg. Rust). Experience with other relevant programming languages such as Python or Java is a plus | Experience in European energy trading industry is a plus | Fluency in English",https://job-boards.eu.greenhouse.io/imc/jobs/4931100101,2026-07-22
Graduate Machine Learning Researcher - Chicago,IMC Trading,Full-Time,Quantitative Research,No,"$300,000","Chicago, United States","As a Graduate Machine Learning Researcher at IMC, your work will directly impact our global trading strategies. You will apply advanced machine learning, statistical, and computational techniques to solve complex, real-world trading problems, contributing to trading strategies across global equities, futures, and options markets. Machine Learning Researchers work closely with Traders and Developers in an environment where problem solving, innovation and teamwork are recognized and rewarded. Design, implement, and evaluate machine learning models for trading applications, with successful research deployed into production Apply rigorous statistical techniques to measure performance, control overfitting, and understand model risk and interpretability Investigate novel machine learning approaches through rigorous experimentation and analysis in real trading environments Communicate research…","PhD in Machine Learning, Computer Science, Electrical Engineering, Mathematics, Statistics, Physics or a related quantitative field | Strong foundations in machine learning, probability, and statistics, with experience applying advanced ML techniques to solve challenging research or real-world problems | Demonstrated hands-on research experience in deep learning fundamentals such as neural network architectures, sequence modeling, training dynamics, or optimization | Proficiency in Python and modern machine learning frameworks such as PyTorch, Tensorflow, and/or JAX | Demonstrated research excellence through publications, preprints, research internships, or significant research projects; publications at venues such as NeurIPS, ICML, ICLR, or equivalent conferences are highly preferred | Ability to commence full-time employment in February or August 2027 | You may submit one application…",https://job-boards.eu.greenhouse.io/imc/jobs/4907416101,2026-07-22
Graduate Machine Learning Researcher - London,IMC Trading,Full-Time,Quantitative Research,No,,"London, United Kingdom","As a Graduate Machine Learning Researcher at IMC, your work will directly impact our global trading strategies. You will apply advanced machine learning, statistical, and computational techniques to solve complex, real-world trading problems, contributing to trading strategies across global equities, futures, and options markets. Machine Learning Researchers work closely with Traders and Developers in an environment where problem solving, innovation and teamwork are recognized and rewarded. Design, implement, and evaluate machine learning models for trading applications, with successful research deployed into production Apply rigorous statistical techniques to measure performance, control overfitting, and understand model risk and interpretability Investigate novel machine learning approaches through rigorous experimentation and analysis in real trading environments Communicate research…","Currently in your final year of study, graduating in 2027 | A minimum of an MSc (PhD preferred) in Machine Learning, Statistics, Deep Learning, Probabilistic Programming, or a related quantitative field | Strong foundations in statistics and machine learning, with a demonstrated research track record in ML, deep learning, or another quantitative field | Proficiency in fundamental ML frameworks like Pytorch and experience in Python | Solid understanding of statistics | Desirable: publications in respected journals covering deep learning or time-series modeling | No prior finance knowledge or experience required | Ability to commence full-time employment in February or August 2027 | You may submit one application per role each year. We strongly encourage you to focus on applying to a single role that best matches your skills and interests. Though you may apply to multiple roles, please…",https://job-boards.eu.greenhouse.io/imc/jobs/4914883101,2026-07-22
Graduate Quantitative Researcher (BS/MS),IMC Trading,Full-Time,Quantitative Research,No,"$250,000","Chicago, United States","As a Quantitative Researcher at IMC, your work will directly impact our global trading strategies. You will leverage your superior analytical, mathematical, and computing skills to improve existing models and develop new ones. We will empower you to discover your unique niche and excel, taking on responsibility and ownership from the start. Quantitative Researchers work closely with Traders and Developers in an environment where problem solving, innovation and teamwork are recognized and rewarded. Apply rigorous analytical and quantitative techniques to solve complex problems Build custom tools to explore new research ideas Design mathematical models based upon trading ideas Implement and deploy new models into production Maintain best practices to keep our systems logical and consistent","Current university student graduating between September 2026 – July 2027 that is pursuing a Bachelor’s or Master’s degree in Mathematics, Engineering, Statistics, Physics, Computer Science, or another highly quantitative field | Has a passion for research and problem solving | Approaches data analysis with rigorous thought processes and strong intuition | Is a creative thinker who is driven and eager to solve challenging problems collaboratively | Proficiency in a programming language (Python, C, C++, etc) is highly desired | Must be available for full-time employment starting in February or August 2027 | You may submit one application per role each year. We strongly encourage you to focus on applying to a single role that best matches your skills and interests. Though you may apply to multiple roles, please note that each application will be evaluated based on the specific criteria…",https://job-boards.eu.greenhouse.io/imc/jobs/4907368101,2026-07-22
Graduate Quantitative Researcher (PhD),IMC Trading,Full-Time,Quantitative Research,No,"$250,000","Chicago, United States","As a Quantitative Researcher at IMC, your work will directly impact our global trading strategies. You will leverage your superior analytical, mathematical, and computing skills to improve existing models and develop new ones. We will empower you to discover your unique niche and excel, taking on responsibility and ownership from the start. Quantitative Researchers work closely Traders and Developers in an environment where problem solving, innovation and teamwork are recognized and rewarded. Apply rigorous analytical and quantitative techniques to solve complex problems Build custom tools to explore new research ideas Design mathematical models based upon trading ideas Implement and deploy new models into production Maintain best practices to keep our systems logical and consistent","Current university student graduating between September 2026 – July 2027 that is pursuing a PhD degree in Mathematics, Engineering, Statistics, Physics, Computer Science, or another highly quantitative field | Has a passion for research and problem solving | Approaches data analysis with rigorous thought processes and strong intuition | Is a creative thinker who is driven and eager to solve challenging problems collaboratively | Proficiency in a programming language (Python, C, C++, etc) is highly desired | Must be available for full-time employment starting in February or August 2027 | You may submit one application per role each year. We strongly encourage you to focus on applying to a single role that best matches your skills and interests. Though you may apply to multiple roles, please note that each application will be evaluated based on the specific criteria established for that…",https://job-boards.eu.greenhouse.io/imc/jobs/4912325101,2026-07-22
Graduate Quantitative Trader,IMC Trading,Full-Time,Quantitative Trading,No,"$250,000","Chicago, United States","IMC is looking for talented and passionate Quant Traders to play a critical role in trading a wide range of financial instruments in a fast-paced, dynamic environment. As a Quant Trader, you will be part of highly motivated team facing the daily challenge of managing the execution and risk of complex trading portfolios. In this role you will work closely with IMC’s researchers, developers and engineers in an environment that values problem solving, innovation, and teamwork. You will have the support of a mentor and the freedom to find your niche and excel. We have start dates in February and August 2027. Engage in immersive, practical training to quickly acquire the skills needed to be successful on a trading desk Develop, maintain, and improve trading strategies and algorithms Solve complex problems to make a positive impact on the business Find a competitive edge to drive results in…","Current university student graduating between September 2026 and July 2027 that is pursuing a degree in a quantitative field of study (e.g. Mathematics, Physics, Computer Science or Economics) | Strong analytical thinking skills | A desire to learn and solve complex problems | Thrives and is able to make decisions in a fast-paced environment | A team player with a proactive, self-driven attitude | Experience in a programming language is a plus (e.g. Python, Matlab or R) | Interest in Financial Markets; previous knowledge is NOT required | Must be available for full-time employment starting in February or August 2027 | You may submit one application per role each year. We strongly encourage you to focus on applying to a single role that best matches your skills and interests. Though you may apply to multiple roles, please note that each application will be evaluated based on the specific…",https://job-boards.eu.greenhouse.io/imc/jobs/4751729101,2026-07-22
Graduate Quant Researcher - Digital Assets,IMC Trading,Full-Time,Quantitative Research,No,,"Zug, Switzerland","As a Graduate Quantitative Researcher, you will work with experienced researchers and developers in a fast-paced, data-driven environment. You will learn how trading ideas are researched, tested, and deployed, while contributing to live strategy development from early in your career. Research and test data-driven trading ideas Analyse large and complex datasets from cryptocurrency exchanges, DeFi protocols, and financial markets Build, test, and improve models, signals, and algorithms that support trading strategies Work with IMC’s cutting-edge data, software, and high-performance computing infrastructure Collaborate closely with researchers, developers, and engineers to turn research into production-ready strategies Learn how to evaluate trading opportunities with a focus on performance, scalability, robustness, and risk","Final-year student or recent graduate in Mathematics, Statistics, Physics, Computer Science, Engineering or a related quantitative field | Strong analytical and problem-solving skills, with the ability to learn quickly | Programming experience, ideally in Python. Familiarity with C++ is a plus | A genuine interest in financial markets, trading, crypto, or DeFi | Comfortable working with data and applying quantitative methods to real-world problems | Curious, collaborative, and eager to take ownership in a fast-moving environment | Prior experience in trading, crypto, or financial markets is helpful but not required. | This is an on-site role based in Zug, Switzerland, with very limited flexibility for working from home.",https://job-boards.eu.greenhouse.io/imc/jobs/4892687101,2026-07-22
Graduate Software Engineer,IMC Trading,Full-Time,Quantitative Development,No,"$200,000","Chicago, United States","Having the best technology drives our business. As a Software Engineer at IMC, you will drive the development of our cutting-edge trading algorithms. You will be responsible for spotting new opportunities, solving problems and developing innovative technologies. Software development here is innovative, pragmatic and fun, even as complexity grows. Build and maintain our trading platform and software stack Bring our trading strategies and technology platform to the next level Collaborate with Traders, Quant Researchers and other Engineers both locally and globally Develop expertise within the entire software development lifecycle Learn new technologies and programming languages in a dynamic environment","Current university student graduating between September 2026 – July 2027 that is pursuing a degree in Computer Science, Engineering, or a related technology field | Must have strong knowledge of algorithms and data structures | Proficiency in a programming language is required (Java or C++ preferred) | Strong analytical skills and interest in solving complex problems programmatically | Desire to interact and work closely with non-engineers in a dynamic environment | Interest in the Financial Markets; previous knowledge is NOT required | Must be available for full-time employment starting in February or August 2027 | You may submit one application per role each year. We strongly encourage you to focus on applying to a single role that best matches your skills and interests. Though you may apply to multiple roles, please note that each application will be evaluated based on the specific…",https://job-boards.eu.greenhouse.io/imc/jobs/4818790101,2026-07-22
Graduate Software Engineer (2026),IMC Trading,Full-Time,Quantitative Development,No,,"Amsterdam, Netherlands","Your IMC journey as a Graduate Software Engineer will begin with a five-week Global Trainee Programme led by our seasoned engineers and traders alongside graduates from all three IMC regions: Europe, the United States, and Asia-Pacific. During this traineeship, you’ll deepen your knowledge about trading and financial markets, understand the tools and systems used at IMC, and learn how to write production software, craftsmanship and advanced topics in C++, Java or Python. Your training will continue back at your local office, where you’ll receive support from your dedicated mentor, an experienced software engineer at IMC. What happens next is up to you – on our Execution teams you might build anything from advanced networks to proprietary algorithms, while on our Strategy teams you could design systems powering big data and cutting-edge analytics. Develop cutting-edge technology in…","In your ultimate year of study in computer science, software engineering, or a related field graduating, and are seeking to join IMC full-time in February or August 2026 | Proficiency in C++ or Java is required. Additionally, experience with Python is preferred | A working knowledge of algorithms and data structures | First-class analytical skills and a desire to solve complicated problems programmatically | A genuine interest in financial markets (no prior knowledge or experience is required) | Please note: You’ll have the opportunity to complete the recruitment process in your preferred programming language (Java or C++). Please note, however, that exclusive use of one language cannot be guaranteed. | If you have already applied for this position during the current recruitment season and were not selected, you may reapply when the next recruitment season begins in September 2026. We…",https://job-boards.eu.greenhouse.io/imc/jobs/4564480101,2026-07-22
Graduate Software Engineer (2026),IMC Trading,Full-Time,Quantitative Development,No,,"Aarhus, Central Denmark Region, Denmark","IMC is launching a new power and gas trading business in Aarhus, Denmark – the European hub for energy trading. We are building a strong, independent, Aarhus-based team with local leadership, backed by more than 30 years of IMC’s global trading expertise. As a Graduate Software Engineer in Aarhus, you’ll have the unique opportunity to help build a brand-new technology stack that supports all aspects of energy trading – from exchange connectivity and pricing to trading algorithms and real-time data analysis. You’ll grow rapidly through our global graduate program while contributing from day one to this exciting new venture. Design and build high-performance technology that supports energy trading Work on the full software development lifecycle, from idea to deployment Develop real-time pricing and trading systems, exchange connectivity, and analytics tools Collaborate closely with…",,https://job-boards.eu.greenhouse.io/imc/jobs/4635938101,2026-07-22
Graduate Software Engineer - Digital Assets,IMC Trading,Full-Time,Quantitative Development,No,,"Zug, Switzerland","IMC has a strong presence in traditional Finance and has been expanding into Crypto over the last years. Through its overseas affiliates, IMC provides liquidity and trades on many cryptocurrency exchanges and DeFi protocols. You can expect a dynamic, fast-paced environment that delivers a steady stream of challenges and opportunities, with one of the most exciting aspects of the job being our quick feedback loop in the research, development and deployment of strategies. As a Graduate Software Engineer, you‘ll be joining our core engineering team. You will contribute to our proprietary low-latency trading system, acquire market and trading data, implement ETL processes and collaborate with traders and researchers on improving the trading results. Design, develop, maintain, and improve the in-house data infrastructure powering our market and trading data platforms, covering both batch and…","Master or bachelor degree in Computer Science, Mathematics, Physics, or another related technical field. | Strong programming skills in Python and at least one statically typed language, such as Java, Scala, Go, C++, or Rust. | Experience with Python data analysis tools such as Jupyter Notebook, Pandas, NumPy, or modern distributed DataFrame frameworks through coursework, research, internships, or personal projects. | Solid computer science fundamentals, including algorithms, data structures, concurrency and parallelism, networking fundamentals, software architecture, and writing clean, maintainable code. | A performance-oriented mindset with an interest in building scalable distributed systems and understanding concepts such as latency, throughput, memory efficiency, serialization, backpressure, fault tolerance, and state management. | Exposure to modern data engineering and data lake…",https://job-boards.eu.greenhouse.io/imc/jobs/4932192101,2026-07-22
Hardware Machine Learning PhD Research Internship,IMC Trading,Internship,Quantitative Research,No,"$225,000","Chicago, United States","We are deploying machine learning directly onto custom hardware – and we want you to help drive it forward. This PhD internship is an opportunity to work on research that has direct impact on IMC's work tackling open problems at the frontier of low-latency ML inference and hardware acceleration. You'll work alongside IMC engineers in one of the most demanding low-latency computing environments in the world. You'll own a focused research project from start to finish, present your findings to the team, and leave behind a prototype or benchmark that we can build on. Architect and develop an ML focused research project based on real-world use cases Work hands-on with hardware engineers to implement, verify, and deploy ML inference solutions Track and evaluate emerging research in neural architecture search, machine learning systems and quantization methods, and determine what translates to…","Currently enrolled in a PhD program in Electrical Engineering, Computer Science, Physics, or a related field | Solid understanding of hardware constraints and design trade-offs (e.g., pipelining, resource utilization, fixed-point arithmetic) that shape how ML models can be efficiently mapped onto FPGAs or custom ASICs | Experience with hardware fundamentals, whether through VHDL/SystemVerilog development, HLS tools, or ML-to-hardware frameworks like hls4ml, FINN, or Vitis AI | Understanding of machine learning fundamentals – neural network architectures, inference optimization, quantization techniques, ML frameworks such as PyTorch/TensorFlow | Proficiency in Python or similar languages for tooling, testing, and simulation | Strong communication skills and ability to work collaboratively across disciplines with both technical and non-technical teams | You may submit one application per…",https://job-boards.eu.greenhouse.io/imc/jobs/4829785101,2026-07-22
Java Software Engineer,IMC Trading,Full-Time,Quantitative Development,No,,"Sydney,  Australia","At IMC, technology is not a department; it’s at the heart of everything we do. Developed in house, our innovative software makes millions of trading decisions daily, and we win by making better and faster decisions than our competition. IMC’s Sydney-based Java teams work on a wide variety of applications, tools and functionalities, including trading algorithm implementations, option pricing, calculating volatility, simulation frameworks, market risk applications, trade reconciliation applications and data analysis & visualisation tools for traders. We frequently need to develop not just the business applications themselves, but also the tools that keep our development process at the cutting edge. This role sits within our Data Engineering team. The team builds highly-scalable, high-throughput, low-latency Java applications that move and transform data from thousands of sources at…","5+ years of experience as a Software Engineer with Java | Experience in the latest versions of Java is highly desirable | Proven experience building scalable, low-latency, high-throughput applications. | Familiarity with Kafka, Avro, Parquet and other data-oriented technologies is highly desirable. | Experience with Docker and Kubernetes, and confidence working in Linux environments. | Strong analytical and troubleshooting skills, with the ability to solve complex technical challenges independently. | Experience gathering business requirements and translating them into technical solutions. | Curious, adaptable, and proactive; comfortable working in a fast-paced environment with minimal supervision. | Our tech stack includes an ever-evolving range of systems and technologies, and our engineers have the freedom to choose the best solution for the problem at hand. If a new technology has…",https://job-boards.eu.greenhouse.io/imc/jobs/4855354101,2026-07-22
Java Software Engineer (Power/Gas),IMC Trading,Full-Time,Quantitative Development,No,,"Aarhus, Central Denmark Region, Denmark","IMC is building a new Power and Gas Trading business in Aarhus, Denmark, the hub for power and gas trading in Europe. Backed by one of the world’s most successful trading firms, this new venture combines the energy and autonomy of a startup with the global reach, stability, and expertise of IMC’s 30+ years in trading. We are building a strong, independent Aarhus-based team with local leadership, supported by IMC’s world-class technology, quantitative research, and trading infrastructure. To achieve our ambitious hiring goals, we are seeking strong Software Engineers to join the team and play a pivotal role in helping us grow this new business. Build, as part of a team, a full technology stack that supports power and gas trading, including exchange connectivity, trading systems, trading strategies, data analysis, and pricing. We are looking for strong developers that specialised in…","Strong academic background, preferably in computer science or a quantitative field | 2+ years of professional experience as a software engineer | Experience European power and gas trading industry is a plus | Strong programming skills in Java. Experience with other relevant programming languages such as Python or C++ is considered a plus | Excitement for working in a start-up environment and a variety of systems/platforms/tools | The ability able to work on greenfield projects under minimal supervision and to take full ownership of the applications you build | A high degree of flexibility and adaptability: willing and able to deal with uncertainty and ambiguity in a rapidly evolving environment | Fluency in English",https://job-boards.eu.greenhouse.io/imc/jobs/4742833101,2026-07-22
"Lead Alpha Researcher, Systematic Equities",IMC Trading,Full-Time,Quantitative Research,No,,"London, United Kingdom","IMC is seeking a Lead Alpha Researcher to join our Systematic Equities team in London. This is a senior hands-on research and leadership role focused on developing and scaling alpha generation, predictive modelling, and machine learning capabilities across our global equities business. You will lead a key part of the European alpha research team, managing researchers and driving a portfolio of high-impact alpha initiatives from idea generation through production deployment. You will work as part of a closely coordinated global alpha initiative, helping to set priorities, develop researchers, elevate research quality, and scale high-impact ideas across regions. Working closely with traders, researchers, and developers globally, you will drive the discovery, validation, and deployment of new sources of alpha that improve production trading performance. Our Systematic Equities business…","Master’s or PhD in Machine Learning, Statistics, Mathematics, Computer Science, Engineering, Physics, or another quantitative discipline. | 5+ years of experience developing systematic, intraday horizon trading strategies, predictive models, and alpha signals. | Demonstrated track record of generating profitable, value-adding, and orthogonal signals in a production trading environment. | Experience managing, mentoring, or leading researchers in a high-performance research environment. | Demonstrated ability to influence research direction, prioritise opportunities, and drive impactful research outcomes. | Strong practical experience applying machine learning techniques to prediction problems, with a clear understanding of overfitting risks and robust model validation. | Deep understanding of statistics, experimental design, hypothesis testing, and research methodology. | Strong…",https://job-boards.eu.greenhouse.io/imc/jobs/4904726101,2026-07-22
Machine Learning Researcher,IMC Trading,Full-Time,Quantitative Research,No,"$250,000","Chicago, United States; New York, United States","IMC Trading is seeking quantitative researchers with a proven track record to apply state-of-the-art machine learning & deep learning to solve challenging trading problems. This role is part of a central ML research team that collaborates across trading teams at IMC. The ideal candidate will have experience working with other researchers and engineers to build and continuously improve models, systems, and research tooling. We firmly believe that success for research-driven efforts lies in bringing together skills in ML, statistics, and trading intuition as well as a problem-solving mindset and pragmatism. This is an opportunity to dive deep into feature engineering and alpha research, and focus on applying a wide range of ML models as well as to perform research on building custom models. Design and deploy machine learning models to enhance trading performance across various asset…","PhD or Master’s in Engineering, Math, Statistics, Computer Science, or related quantitative field | 2+ years of experience building applied ML models; previous experience in trading environment preferred | Proven expertise in developing and deploying predictive models | Strong programming skills in Python; proficiency in ML libraries such as PyTorch, TensorFlow, and/or high-performance libraries like Jax | Strong understanding of theoretical foundations of state-of-the-art ML models | Strong publication track record at ICML, ICLR, NeurIPS, or equivalent | Ability and desire to work in a collaborative team environment | Excellent written and verbal communication skills | The Base Salary range for the role is included below. Base salary is only one component of total compensation; all full-time, permanent positions are eligible for a discretionary bonus and benefits, including paid leave…",https://job-boards.eu.greenhouse.io/imc/jobs/4699252101,2026-07-22
Machine Learning Researcher - Modeller,IMC Trading,Full-Time,Quantitative Research,No,,"Hong Kong, Hong Kong; Sydney,  Australia","IMC is looking for experienced quant researchers to develop high to mid frequency delta one trading strategies and predictive models for the APAC markets. If you’re excited about helping to push the boundaries of what we can do with Machine Learning in trading, unlocking the significant edges we have in execution, and collaborating to become the best trading firm worldwide, this may be the role for you. You will be responsible for performing large scale data analysis to derive statistically profitable predictions of market behaviour. These predictions are used to inform all of our trading, and improvements have a high and visible impact across the office. You will also help to shape the direction we take across research and tooling. We have longstanding and significant edges across market access, global reach, Options understanding and low latency. The rapid growth we’ve already seen in…","Graduate & Postgraduate study from top universities, majoring in machine learning, statistics, or STEM subjects | 3+ years experience as a quantitative modeller, with specific experience in the high to mid frequency delta one space. Have a proven track record of developing and improving deep learning models with proven outperformance in production | Strong programming experience in at least one language, and mainstream deep learning framework (TensorFlow, PyTorch or other) | Deep understanding of the strengths & weaknesses of CNN, RNN, LSTM and transformers",https://job-boards.eu.greenhouse.io/imc/jobs/4785804101,2026-07-22
Machine Learning Research Intern - Summer 2027 - Amsterdam,IMC Trading,Internship,Quantitative Research,No,,"Amsterdam, Netherlands","Our Machine Learning Internship is designed for curious, ambitious researchers who want to apply machine learning to complex, real-world problems. Over 10 weeks, you'll work alongside experienced researchers and mentors to develop models, analyze large-scale datasets, and contribute to research that informs IMC's trading strategies across global equities, futures, and options markets. You'll begin with a week of engaging, classroom-based learning in the proprietary trading landscape, then gain hands-on experience designing experiments, evaluating novel approaches, and tackling challenging problems in a collaborative, fast-paced environment where your work can have real-world impact. Split between our Amsterdam headquarters and time at our London office, the program also gives you the chance to broaden your network across IMC's regions. Throughout the program, you'll deepen your…","Currently in your penultimate year of study, graduating in 2028 | A minimum of an MSc in Machine Learning, Statistics, Deep Learning, Probabilistic Programming, or a related quantitative field | Strong foundations in statistics and machine learning, with a demonstrated research track record in ML, deep learning, or another quantitative field | Proficiency in Python and core machine learning frameworks such as PyTorch | Desirable: publications in respected journals covering deep learning or time-series modeling | No prior finance knowledge or experience required | Ability to start the internship on the last week of June 2027 | You may submit one application per role each year. We strongly encourage you to focus on applying to a single role that best matches your skills and interests. Though you may apply to multiple roles, please note that each application will be evaluated based on the…",https://job-boards.eu.greenhouse.io/imc/jobs/4912874101,2026-07-22
Machine Learning Research Intern - Summer 2027 - Chicago,IMC Trading,Internship,Quantitative Research,No,"$300,000","Chicago, United States","Our Machine Learning Internship is designed for curious, ambitious researchers who want to apply machine learning to complex, real-world problems. Over 10–12 weeks, you'll work alongside experienced researchers and mentors to develop models, analyze large-scale datasets, and contribute to research that informs IMC's trading strategies across global equities, futures, and options markets. You'll gain hands-on experience designing experiments, evaluating novel approaches, and tackling challenging problems in a collaborative, fast-paced environment where your work can have real-world impact. Throughout the program, you'll deepen your understanding of quantitative trading through a combination of classroom and on desk training, while benefiting from professional development and networking opportunities. We offer a highly competitive compensation package, including travel and accommodation.…","Pursuing a PhD in Machine Learning, Computer Science, Electrical Engineering, Mathematics, Statistics, Physics, or a related quantitative field and graduating between September 2027 – July 2028 | Strong foundations in machine learning, probability, and statistics, with experience applying advanced ML techniques to solve challenging research or real-world problems | Demonstrated hands-on research experience in deep learning fundamentals such as neural network architectures, sequence modeling, training dynamics, or optimization | Proficiency in Python and modern machine learning frameworks such as PyTorch, Tensorflow, and/or JAX | Demonstrated research excellence through publications, preprints, research internships, or significant research projects; publications at venues such as NeurIPS, ICML, ICLR, or equivalent conferences are highly preferred | Must be able to start internship…",https://job-boards.eu.greenhouse.io/imc/jobs/4907430101,2026-07-22
Principal Research Scientist - Machine Learning,IMC Trading,Full-Time,Quantitative Research,No,,"London, United Kingdom","IMC is one of the world’s leading trading firms, combining quantitative research, technology and trading expertise to solve complex problems at scale. As Machine Learning becomes increasingly important within our Systematic Equities business, we are investing in frontier research that can shape the next generation of models, infrastructure and research capabilities. With access to world-class datasets, significant compute resources and a highly collaborative environment, IMC offers a unique opportunity to see cutting-edge research translated into real-world impact. We are seeking a Principal Research Scientist to help define and accelerate our long-term machine learning research agenda. Prior finance experience is not required. This role is designed for an established academic researcher or research scientist who wants to remain connected to the frontier of machine learning while…","PhD in Machine Learning, Computer Science, Statistics, Mathematics, Physics or a related quantitative discipline. | Outstanding academic credentials and a strong publication record in leading research venues. | Current or recent experience in a faculty-equivalent academic or research leadership role such as Assistant Professor, Associate Professor, Professor, Group Leader, Principal Investigator, Senior Postdoctoral Researcher, or Senior Research Scientist. | Deep expertise in modern machine learning and strong awareness of emerging research trends. | Experience influencing research direction, mentoring researchers, or leading research initiatives. | Strong programming skills and experience with modern machine learning frameworks. | Excellent communication skills and the ability to collaborate across disciplines.",https://job-boards.eu.greenhouse.io/imc/jobs/4903862101,2026-07-22
Python Software Engineer,IMC Trading,Full-Time,Quantitative Development,No,,"Sydney,  Australia","At IMC, technology is not a department; it’s at the heart of everything we do. Developed in house, our innovative software makes millions of trading decisions daily, and we win by making better and faster decisions than our competition. IMC’s Sydney based Engineering teams work on a wide variety of applications, tools and functionalities, including trading algorithm implementations, option pricing, calculating volatility, simulation frameworks, market risk applications, trade reconciliation applications and data analysis & visualization tools for traders. We frequently need to develop not just the business applications themselves, but also the tools that keep our development process at the cutting edge. We are currently looking to expand our software engineering teams across our Strategy, Research tooling and Backbone teams. The Strategy Developers work alongside our Sydney-based…","5+ years of professional software engineering experience, with a strong focus on Python. | Experience working with numerical computing and data processing frameworks such as Pandas, NumPy, SciPy, Celery, Dask, or Spark. | Strong problem-solving skills and the ability to proactively tackle technical challenges. | Experience with automated testing and CI/CD pipelines. | Familiarity with Docker, Kubernetes, and Linux environments. | Exposure to distributed computing and modern cloud-based data processing technologies. | Strong communication skills and the ability to work with cross-functional teams including traders, researchers, and other engineers. | Prior knowledge of financial markets or trading is not required, but curiosity and a willingness to learn are essential.",https://job-boards.eu.greenhouse.io/imc/jobs/4548292101,2026-07-22
Python Software Engineer,IMC Trading,Full-Time,Quantitative Development,No,,"Amsterdam, Netherlands","At IMC, technology is not a department; it’s at the heart of everything we do. Developed in-house, our innovative software makes millions of trading decisions daily, and we win by making better and faster decisions than our competition. Our various Python Development teams create scalable business-critical applications, tools and automated tasks to equip IMC’s Amsterdam, London, Zug and Mumbai trading and business support teams. IMC uses a wide variety of technologies. Python is widely used across our tech stack, notably to make it more accessible to our traders, researchers and analysts. As a Python Software Engineer at IMC Amsterdam, you will take part in the development of high-performance trading systems, analytical tools, signals generation, backtesting frameworks, trade management UIs or regulatory surveillance & risk monitoring. Therefore your role will involve collaborating…","We care about 4+ years of working experience as a Software Engineer. | Deep technical knowledge of Python, you understand its internal workings and know its strength and limitation. We use a range of Python libraries and frameworks (such as FastAPI (AsyncIO), APScheduler, Pandas, Polars, RQ, Pytest, Tensorflow, scipy, xgboost, scikit-learn, numpy, numba, celery). | Experience with DevOps, databases, big data or frontend frameworks is a plus. (Some examples of tools we frequently work with: Kubernetes, Helm, Docker, Gitlab CI, TypeScript, React, Redis, PostgreSQL, Mongo, Dremio, Apache Iceberg, HDFS, Kafka, Apache Arrow/Parquet). | A critical mindset and the ability to challenge ideas and solutions, to not take things for granted, validate assumptions and dig into the details to find and cover all corner cases. You’re not afraid to ask questions and to speak up. | Experience working with…",https://job-boards.eu.greenhouse.io/imc/jobs/4630983101,2026-07-22
Python Software Engineer - Digital Assets,IMC Trading,Full-Time,Quantitative Development,No,,"Zug, Switzerland","IMC has a strong presence in traditional Finance and has been expanding into Crypto over the last years. Through its overseas affiliates, IMC provides liquidity and trades on many cryptocurrency exchanges and DeFi protocols. You can expect a dynamic, fast-paced environment that delivers a steady stream of challenges and opportunities, with one of the most exciting aspects of the job being our quick feedback loop in the research, development and deployment of strategies. As a Python Software Engineer, you will work closely with our trading and engineering teams on a variety of applications, tools and automation projects. You’ll be placed in an environment consisting primarily of a large Python analysis ecosystem drawing data from various sources including our own trading systems. You’ll build analysis & visualisation tools at the heart of the business logic, in close collaboration with…","Master’s or Ph.D. in Mathematics, Physics, Statistics, Computer Science, Econometrics, or a related discipline. | 2–3 years of professional Python development experience | solid computer science knowledge, has experience or capability to quickly adapt to additional languages such as Java, Scala, C++, Go, etc. | Hands-on experience with statistical analysis, numerical programming, data engineering, or machine learning in Python (Polars, Pandas, NumPy, SciPy, TensorFlow). | Proven ability to handle large datasets, architect and optimize data pipelines, and present data effectively. | Experience with orchestration and containerization tools like Kubernetes and Docker is a plus. | Solid grounding in calculus, probability, statistics, and optimization; familiarity with machine-learning techniques is beneficial.",https://job-boards.eu.greenhouse.io/imc/jobs/4637535101,2026-07-22
Quant Developer CeFi - Digital Assets,IMC Trading,Full-Time,Quantitative Development,No,,"Zug, Switzerland","IMC has a strong presence in traditional Finance and has been expanding into crypto and DeFi over the last years. Through its overseas affiliates, IMC provides liquidity and trades on many cryptocurrency exchanges and DeFi protocols. IMC Zug is currently looking to expand its CeFi team, which builds the algorithms that support IMC's trading activities. As a member of the CeFi team, you will get the opportunity to work on many different projects and shape your role to your talents. Your work will vary from improving existing trading strategies and algorithms to working on completely new solutions from scratch. All, while closely collaborating with team members. Collaborate on developing our highly competitive trading algorithm and platform Design and implement state-of-the-art, industry-leading trade execution and connectivity solutions Research and analysis of exchange microstructure…","Hard skill requirements: | Proficiency in applied mathematics, statistics, numerical modeling | Knowledge of cryptocurrency | Comfortable in a Linux R&D environment, incl. git and related tools | Ability to research independently | Proficiency in English | Nice to haves | Experience in blockchain analytics | In-depth knowledge of concrete blockchains on conceptual and/or programming level | Hands-on programming experience in a quantitative trading environment",https://job-boards.eu.greenhouse.io/imc/jobs/4637268101,2026-07-22
Quant Developer DeFi - Digital Assets,IMC Trading,Full-Time,Quantitative Development,No,,"Zug, Switzerland","IMC has a strong presence in traditional Finance and has been expanding into crypto and DeFi over the last years. Through its overseas affiliates, IMC provides liquidity and trades on many cryptocurrency exchanges and DeFi protocols. IMC Zug is currently looking to expand its DeFi team, which builds the algorithms that support IMC's trading activities The DeFi team is small and highly flexible. We need the flexibility to respond to the rapidly changing DeFi landscape. As a member of the DeFi team, you will get the opportunity to work on many different projects and shape your role to your talents. Your work will vary from improving existing trading strategies and algorithms to working on completely new solutions from scratch. All, while closely collaborating with team members. Collaborate on developing our highly competitive trading algorithm and platform Design and implement…","Hard skill requirements: | Proficiency in applied mathematics, statistics, numerical modeling | Knowledge of cryptocurrency | Proficiency in one more blockchain-related programming languages such as golang, rust, solidity, move etc. | Comfortable in a Linux R&D environment, incl. git and related tools | Ability to research independently | Proficiency in English | Nice to haves | Experience in blockchain analytics, DeFi protocols, MEV | In-depth knowledge of concrete blockchains on conceptual and/or programming level | Hands-on programming experience in a quantitative trading environment | Deep understanding of the EVM, and/or the technical underpinnings of other blockchain ecosystems | Smart contract design and development | Experience with cryptography libraries, digital signature, hash algorithms",https://job-boards.eu.greenhouse.io/imc/jobs/4356914101,2026-07-22
Quantitative Developer,IMC Trading,Full-Time,Quantitative Development,No,"$200,000","New York, United States","IMC is looking for a Quantitative Developer to own the full path from research to production. This role blends research and engineering, with tight feedback loops from ideation to live trading. You will build the systems that turn quantitative insights into measurable edge, with direct visibility into how your work creates impact. Build and maintain systems that span research and production, enabling rapid iteration from idea to production Design high-fidelity simulation and backtesting infrastructure that models latency, microstructure, and real-world constraints Define, compute, and curate features across instruments, regimes, and time horizons Own feature and signal pipelines, ensuring clean, consistent delivery from research to execution Contribute to strategy optimization, balancing expected performance with real-world constraints Debug issues end-to-end across research and…","3-7 years of experience in quantitative software development, preferably at a trading firm or systematic fund | Strong production experience in Python and C++, including data analysis workflows (pandas, polars, or similar) | Strong grounding in probability, statistics, and time series analysis; familiarity with backtesting and simulation frameworks | Solid understanding of ML concepts as applied to systematic strategies, from research through production | Experience with low-latency systems is valuable | Ability to work fluidly across research and engineering teams | The Base Salary range for the role is included below. Base salary is only one component of total compensation; all full-time, permanent positions are eligible for a discretionary bonus and benefits, including paid leave and insurance. Please visit Benefits - US | IMC Trading for more comprehensive information.",https://job-boards.eu.greenhouse.io/imc/jobs/4778139101,2026-07-22
Quantitative Developer - Derivatives,IMC Trading,Full-Time,Quantitative Development,No,"$175,000","Chicago, United States","We’re looking for a Quantitative Developer - Derivatives to join our Chicago office. At IMC, the Pricing and Risk (PAR) team owns the firm’s core quantitative library for live derivatives pricing and risk. This library sits directly in the critical path of our HFT market making systems and serves as the real-time source of truth for valuation across all strategies. It is both foundational and constantly evolving, with extremely high expectations for performance and correctness. The platform runs at scale across thousands of servers and is developed collaboratively across desks and regions. The team works closely with global counterparts to ensure consistency in how derivatives are modeled and priced across the firm. Our primary focus is options and volatility modeling, alongside support for a broader set of asset classes including fixed income, ETFs, and FX. This role sits at the…","5+ years of experience in a trading or financial environment working on pricing or risk systems | Strong understanding of derivatives pricing, especially options and volatility | Solid background in mathematics, physics, computer science, or a related quantitative field | Extensive C++ and/or Java skills, with experience building production systems | Experience working closely with quants, traders, or similarly technical stakeholders | Ability to translate quantitative models into reliable, scalable systems | Experience with PDE methods or other advanced numerical techniques is a strong plus | Familiarity with numerical analysis (stability, convergence, error propagation) is a plus | The Base Salary range for the role is included below. Base salary is only one component of total compensation; all full-time, permanent positions are eligible for a discretionary bonus and benefits,…",https://job-boards.eu.greenhouse.io/imc/jobs/4656957101,2026-07-22
Quantitative Developer - Python,IMC Trading,Full-Time,Quantitative Development,No,"$200,000","Chicago, United States","IMC is looking for a Quantitative Developer to own the full path from research to production. This role blends research and engineering, with tight feedback loops from ideation to live trading. You will build the systems that turn quantitative insights into measurable edge, with direct visibility into how your work creates impact. Build and maintain systems that span research and production, enabling rapid iteration from idea to production Design high-fidelity simulation and backtesting infrastructure that models latency, microstructure, and real-world constraints Define, compute, and curate features across instruments, regimes, and time horizons Own feature and signal pipelines, ensuring clean, consistent delivery from research to execution Contribute to strategy optimization, balancing expected performance with real-world constraints Debug issues end-to-end across research and…","3-7 years of experience in quantitative software development, preferably at a trading firm or systematic fund | Strong production experience in Python, including data analysis workflows (pandas, polars, or similar) | Strong grounding in probability, statistics, and time series analysis; familiarity with backtesting and simulation frameworks | Solid understanding of ML concepts as applied to systematic strategies, from research through production | Experience with low-latency systems is valuable | Ability to work fluidly across research and engineering teams | The Base Salary range for the role is included below. Base salary is only one component of total compensation; all full-time, permanent positions are eligible for a discretionary bonus and benefits, including paid leave and insurance. Please visit Benefits - US | IMC Trading for more comprehensive information.",https://job-boards.eu.greenhouse.io/imc/jobs/4874399101,2026-07-22
Quantitative Researcher,IMC Trading,Full-Time,Quantitative Research,No,,"Mumbai, India","IMC is looking for an experienced Quantitative Researcher to develop trading signals and predictive models for our Options business. If you enjoy solving complex problems, working with large datasets, and building models that drive trading performance, this role could be a great fit. You will focus on researching and developing statistically robust signals and models to better understand and predict options market behaviour. Your work will directly inform trading strategies and have a measurable impact on performance. You will also help shape the research direction by exploring new approaches and improving existing methodologies. IMC has strong advantages across market access, technology, and execution, and you will work in a collaborative environment alongside traders and engineers to translate research into production. Develop and test alpha signals and predictive models for Indian…","3+ years of experience in quantitative research in NSE/BSE, ideally within derivatives or options | Strong foundation in probability, statistics, and quantitative modelling | Proven track record of developing impactful trading signals or models | Experience working with large datasets and time-series data | Strong programming skills in at least one language (Python preferred) | Curious, analytical mindset with a focus on problem-solving and innovation",https://job-boards.eu.greenhouse.io/imc/jobs/4694175101,2026-07-22
Quantitative Researcher - Data Curation,IMC Trading,Full-Time,Quantitative Research,No,"$250,000","Chicago, United States","We are seeking a highly analytical and detail-oriented Quantitative Researcher to join our dynamic research team. The ideal candidate will have deep experience curating and analyzing a broad range of trading-related data sources—including traditional market data, fundamental datasets, and other vendor-supplied information. This role will contribute to the development of innovative trading strategies, support data-driven decision-making, and collaborate closely with trading, technology, and data acquisition teams. Curate, cleanse, and validate large volumes of market data, focusing on US equity and equity options Integrate, preprocess, and evaluate fundamental & alternative data sources Work closely with data acquisition & global data team to assess data quality Build and maintain robust data pipelines for research and live trading environments Perform data analysis ad statistical…","3+ years of experience in a quantitative research or data-focused role in financial markets, ideally in a systematic trading environment | Proven experience working with a diverse range of trading and financial data | Must have previous knowledge of options markets and experience working with options data | Hands-on experience integrating and analyzing non-market data sources is a plus | Strong understanding of data vendor landscape | Advanced proficiency in Python | Experience with databases (SQL) and handling large datasets efficiently | Familiarity with real-time data systems and tick-level data processing | Familiarity with statistical and machine learning techniques | Exceptional attention to detail and a systematic approach to problem-solving | Strong written and verbal communication skills",https://job-boards.eu.greenhouse.io/imc/jobs/4660792101,2026-07-22
Quantitative Researcher - Equities,IMC Trading,Full-Time,Quantitative Research,No,,"London, United Kingdom","IMC is looking for experienced quantitative researchers to develop high to mid frequency delta one trading strategies and predictive models for Equities markets. If you’re excited about helping to push the boundaries of what we can do with Machine Learning in trading, unlocking the significant edges we have in execution, and collaborating to become the best trading firm worldwide, this may be the role for you. We have longstanding and significant edges across market access, global reach, Options understanding and low latency. The rapid growth we’ve already seen in Machine Learning has unlocked these edges, and some of the most interesting and impactful problems are now being tackled. IMC competes and wins as a team, with open idea sharing and collaboration across disciplines, desks and offices. Conduct large-scale data analysis to generate statistically robust predictions of market…","Graduate & Postgraduate studies from a leading University; majoring in Machine Learning, Statistics, or STEM related subjects. | 3+ years’ experience as a Quantitative Researcher, with specific experience in the high to mid-frequency delta one space, ideally within Equities markets. | A proven track record of developing value-adding and orthogonal features across multiple families. | Practical experience extracting value from a range of sources (both public feed and alternative data). | Strong programming skills in at least one language (python preferred). | Solid understanding of statistics. | Significant practical experience with at least one mainstream ML approach is required, whilst familiarity with a variety of machine learning approaches and the risks of overfitting is preferred. | Exceptional interpersonal and communication skills, combined with a proven capacity to collaborate…",https://job-boards.eu.greenhouse.io/imc/jobs/4588833101,2026-07-22
Quantitative Researcher – Equities,IMC Trading,Full-Time,Quantitative Research,No,"$250,000","New York, United States","IMC is looking for experienced quantitative researchers to develop high-frequency, low-latency equity trading strategies and predictive models. Candidates will join an effort of combining IMC’s extensive options expertise with signals in the underlying equity market. Candidates will be responsible for performing large scale data analysis to derive unique predictions of equity market behavior that will then be leveraged by IMC’s best-in-class technology to act on those predictions across both options and equities markets. Once on board, candidates will join a growing team that will be essential to all aspects of IMC’s trading. They will contribute not only to signal generation but also work w/ developers in design and implementation of a robust framework that allows for new ideas to be researched, tested, and put into production in a timely manner. Understand the current suite of models…","3+ years experience as a quantitative researcher with specific experience in the equity option or equities space | Experience with equity signal generation and predictive modelling. [required] | Relevant tertiary qualifications (graduate or post graduate), with strong academic results, preference in mathematics, science, financial engineering or computer science | Experience working on a market making system, preferably in a more automated environment [preferred]",https://job-boards.eu.greenhouse.io/imc/jobs/4382558101,2026-07-22
Quantitative Researcher - Equities/ Futures,IMC Trading,Full-Time,Quantitative Research,No,,"Hong Kong, Hong Kong","IMC is looking for experienced quant researchers to develop high frequency delta one trading strategies and predictive models for the APAC markets. If you’re excited about helping to push the boundaries of what we can do with Machine Learning in trading, unlocking the significant edges we have in execution, and collaborating to become the best trading firm worldwide, this may be the role for you. You will be responsible for performing large scale data analysis to derive statistically profitable predictions of market behavior. These predictions are used to inform all of our trading, and improvements have a high and visible impact across the office. You will also help to shape the direction we take across research and tooling. We have longstanding and significant edges across market access, global reach, Options understanding and low latency. The rapid growth we’ve already seen in Machine…","3+ years experience as a Quantitative Researcher or Trader, with specific experience in high frequency Equities or Futures, and a proven track record | Graduate & Postgraduate study from a top university, majoring in machine learning, statistics, or STEM subjects | Strong programming skills in at least one language (python preferred) | Significant practical experience with at least one mainstream ML approach",https://job-boards.eu.greenhouse.io/imc/jobs/4754254101,2026-07-22
Quantitative Researcher – Futures,IMC Trading,Full-Time,Quantitative Research,No,"$250,000","Chicago, United States; New York, United States","IMC is looking for experienced quantitative researchers to develop systematic futures trading strategies. Candidates will join a well-resourced effort combining IMC’s extensive options trading expertise with systematic strategies in the underlying futures market. Candidates will be responsible for performing large scale data analysis, utilizing modern machine learning techniques to derive forecasts that will be combined with IMC’s best-in-class technology platform for execution in futures markets. Once on board, candidates will join a growing team that will be essential to all aspects of IMC’s trading. They will contribute not only to signal generation but also work w/ developers in design and implementation of a robust research framework that allows for new ideas to be researched, tested, and put into production in a timely manner. Conduct alpha / signal / feature research targeted at…","Advanced degree (MSc, PhD, or equivalent) in a quantitative or technical discipline (Mathematics, Statistics, Physics, Computer Science, Financial Engineering, or similar). | Several years (5+ Years) of quantitative research experience, preferably in systematic trading, futures, HFT, or related high-frequency / high-throughput environments. | Demonstrable track record of generating predictive signals in futures / derivatives / systematic trading. | Excellent programming skills (e.g., Python, C++, or other relevant languages), and comfort working with large datasets and real-time data feeds. | Strong statistical background, with experience in statistical modeling, time-series analysis, machine learning / ML-based approaches, and understanding of overfitting risk. | Deep interest in market dynamics, high-frequency trading, and understanding of microstructure, order flow, and volatility —…",https://job-boards.eu.greenhouse.io/imc/jobs/4740859101,2026-07-22
Quantitative Researcher - HFT,IMC Trading,Full-Time,Quantitative Research,No,,"Hong Kong, Hong Kong; Sydney,  Australia","IMC is looking for experienced quant researchers to develop high frequency delta one trading strategies and predictive models for the APAC markets. If you’re excited about helping to push the boundaries of what we can do with Machine Learning in trading, unlocking the significant edges we have in execution, and collaborating to become the best trading firm worldwide, this may be the role for you. You will be responsible for performing large scale data analysis to derive statistically profitable predictions of market behaviour. These predictions are used to inform all of our trading, and improvements have a high and visible impact across the office. You will also help to shape the direction we take across research and tooling. We have longstanding and significant edges across market access, global reach, Options understanding and low latency. The rapid growth we’ve already seen in…","3+ years of experience in high-frequency equities or futures alpha research, ideally with prior track record in at least one of the Asia markets | Strong foundation in probability and statistics, and significant practical experience with at least one mainstream ML approach | Experience working with large, high-frequency trading datasets | Excellent programming skills in at least one language (Python preferred) | Practical mindset with a focus on deployable, real-world edge",https://job-boards.eu.greenhouse.io/imc/jobs/4785803101,2026-07-22
Quantitative Researcher - HFT Commodity Futures,IMC Trading,Full-Time,Quantitative Research,No,,"Hong Kong, Hong Kong; Sydney,  Australia","IMC is looking for experienced quant researchers to develop high frequency delta one trading strategies and predictive models for the China Commodity Futures & Options market. If you’re excited about helping to push the boundaries of what we can do with Machine Learning in trading, unlocking the significant edges we have in execution, and collaborating to become the best trading firm worldwide, this may be the role for you. You will be responsible for performing large scale data analysis to derive statistically profitable predictions of market behaviour. These predictions are used to inform all of our trading, and improvements have a high and visible impact across the office. You will also help to shape the direction we take across research and tooling. We have longstanding and significant edges across market access, global reach, Options understanding and low latency. The rapid growth…","3+ years of experience in high-frequency alpha research for China Commodity Futures, with strong track record | Strong foundation in probability and statistics, and significant practical experience with at least one mainstream ML approach | Experience working with large, high-frequency trading datasets | Excellent programming skills in at least one language (Python preferred) | Practical mindset with a focus on deployable, real-world edge",https://job-boards.eu.greenhouse.io/imc/jobs/4785808101,2026-07-22
Quantitative Researcher - Options,IMC Trading,Full-Time,Quantitative Research,No,"$250,000","Chicago, United States","IMC Trading is seeking a Senior Quantitative Researcher to join the options quant team. You will join the team as a senior member with the expectation of leading projects and mentoring juniors. Skills and responsibilities listed below. Collaborate with the trading and quantitative research team to evaluate existing algorithms Combine knowledge of systems, mathematical techniques and trading to identify the best places to improve our trading system Rapidly research, test, and prototype new algorithmic ideas, preferably with Python. See through the high-quality implementation of ideas to full-scale production trading. Mentor graduate quantitative researchers","Ms or PhD in a highly quantitative field | At least 5 years in financial services or a quantitative environment | Experience in project or people management | Strong programming skills, Python, Java or C++ preferred | Proven success in quantitative modelling and algorithm development | You have experience with options pricing",https://job-boards.eu.greenhouse.io/imc/jobs/4286816101,2026-07-22
Quantitative Research Intern (BS/MS) - Summer 2027,IMC Trading,Internship,Quantitative Research,No,"$250,000","Chicago, United States","Our 10-week internship is your chance to experience life as a Quant Researcher at IMC. You will work alongside your mentor to explore new research ideas and build custom analysis tools that may be deployed into production. Throughout the summer, there will be opportunities to enhance your knowledge of options theory, market making, algorithm complexity and trades analysis. We provide a highly competitive compensation package with accommodations included. The bar for talent at IMC is high and interns who meet our performance expectations will have the opportunity to secure a full time Graduate Quant Researcher position at the end of the program. Where you go from here is up to you! Team up with Quant Researchers to work on real projects that have potential to impact our business Enhance your understanding of options theory through classroom-based instruction Develop your research skills…","Current university student graduating between September 2027 – July 2028 that is pursuing a Bachelor’s or Master’s degree in Mathematics, Engineering, Statistics, Physics, Computer Science, or another highly quantitative field | Superior numerical, analytical, and critical thinking skills | Has a passion for research and solving complex problems | A creative thinker who is driven, resilient, and eager to develop trading intuition | Experience in a programming language (Python, C, C++) is highly desired | Must be able to start internship in-person on June 7, 2027 | You may submit one application per role each year. We strongly encourage you to focus on applying to a single role that best matches your skills and interests. Though you may apply to multiple roles, please note that each application will be evaluated based on the specific criteria established for that particular role. If you…",https://job-boards.eu.greenhouse.io/imc/jobs/4907399101,2026-07-22
Quantitative Research Intern (PhD) - Summer 2027,IMC Trading,Internship,Quantitative Research,No,"$250,000","Chicago, United States","Our 10-week internship is your chance to experience life as a Quant Researcher at IMC. You will work alongside your mentor to explore new research ideas and build custom analysis tools that may be deployed into production. Throughout the summer, there will be opportunities to enhance your knowledge of options theory, market making, algorithm complexity and trades analysis. We provide a highly competitive compensation package with accommodations included. The bar for talent at IMC is high and interns who meet our performance expectations will have the opportunity to secure a full time Graduate Quant Researcher position at the end of the program. Where you go from here is up to you! Team up with Quant Researchers to work on real projects that have potential to impact our business Enhance your understanding of options theory through classroom-based instruction Develop your research skills…","Current university student graduating between September 2027 – July 2028 that is pursuing a PhD degree in Mathematics, Engineering, Statistics, Physics, Computer Science, or another highly quantitative field | Superior numerical, analytical, and critical thinking skills | Has a passion for research and solving complex problems | A creative thinker who is driven, resilient, and eager to develop trading intuition | Experience in a programming language (Python, C, C++) is highly desired | Must be able to start internship in-person on June 7, 2027 | You may submit one application per role each year. We strongly encourage you to focus on applying to a single role that best matches your skills and interests. Though you may apply to multiple roles, please note that each application will be evaluated based on the specific criteria established for that particular role.If you have already applied…",https://job-boards.eu.greenhouse.io/imc/jobs/4907400101,2026-07-22
Quantitative Trader - Equities,IMC Trading,Full-Time,Quantitative Trading,No,,"Seoul, South Korea","IMC is seeking experienced Quantitative Traders to drive the monetisation of high to mid-frequency delta-one trading strategies within the APAC markets. In this role, you will harness your expertise to develop and execute profitable systematic trading strategies that deliver measurable results. Joining our dynamic and growing research and trading team, you’ll collaborate closely with quant researchers, software engineers, and hardware engineers to uncover opportunities, optimize performance, and enhance our production outcomes. IMC competes and wins as a team, with open idea sharing and collaboration across disciplines, desks and offices. Develop and deploy high to mid-frequency systematic trading strategies, with a focus on APAC equities markets. Identify and exploit inefficiencies in financial markets, optimizing trade selection and minimizing market impact. Design and implement…","Degree in a quantitative field such as Mathematics, Physics, Computer Science, Engineering, or Economics. | 4+ years experience in quantitative trading with specific experience in the high to mid-frequency delta-one space, ideally within APAC markets. | Strong programming skills in at least one language (python strongly preferred). | Strong understanding of financial markets, market microstructure, and trading systems. | Experience in modelling market impact, with a deep understanding of order book dynamics, and liquidity provision | Experience building predictive models for order placement, timing, and sizing to reduce adverse selection and slippage. | Strong data analysis skills, including working with large-scale financial datasets and tick-level data. | Excellent problem-solving skills, with the ability to thrive under pressure and adapt to changing market conditions.",https://job-boards.eu.greenhouse.io/imc/jobs/4801499101,2026-07-22
Quantitative Trader – Equities (Live Trading),IMC Trading,Full-Time,Quantitative Trading,No,,"Hong Kong, Hong Kong","IMC is seeking an experienced Quantitative Trader to focus on live trading operations and performance analysis for high to mid-frequency, delta-one equity strategies in APAC markets. Based in Hong Kong, this role sits close to production trading and is responsible for maximizing PnL through real-time monitoring, execution optimization, and rapid feedback loops between trading, research, and engineering. This is a hands-on trading role with strong ownership of day-to-day strategy behaviour in live markets, requiring sound judgment under pressure and deep understanding of market microstructure. Operate and oversee live high- to mid-frequency equity trading strategies across APAC markets Monitor intraday performance, risk, and execution quality; identify and act on anomalies in real time Analyse fills, slippage, adverse selection, and market impact to continuously improve execution…","Degree in a quantitative field (Mathematics, Physics, Computer Science, Engineering, Economics, or similar) | 3+ years of experience in systematic equity trading, with direct exposure to live trading environments | Strong understanding of market microstructure, order books, and execution dynamics in APAC markets | Proven experience analysing execution quality, market impact, and intraday performance drivers | Strong programming and data analysis skills (Python/C++ strongly preferred) | Ability to make sound decisions under pressure and manage multiple live priorities simultaneously | Excellent communication skills and a collaborative, team-oriented mindset",https://job-boards.eu.greenhouse.io/imc/jobs/4787640101,2026-07-22
Quantitative Trader – Equities (Strategy Monetization),IMC Trading,Full-Time,Quantitative Trading,No,,"Hong Kong, Hong Kong; Sydney,  Australia","IMC is hiring a Quantitative Trader to focus on monetization research and back testing for high- to mid-frequency delta-one equity strategies. This role emphasizes research depth, systematic evaluation, and capital efficiency, partnering closely with quant researchers and engineers to turn signals into scalable, profitable trading strategies. Based in Sydney, this role is ideal for candidates who excel at research-driven trading problems, large-scale data analysis, and rigorous performance validation. For exceptional candidates from top global trading firms, Hong Kong location may be considered. Research and evaluate new trading signals and strategy ideas with a focus on monetization potential Design and run large-scale back tests to assess PnL, risk, capacity, and robustness Analyse transaction costs, market impact, and execution assumptions within back testing frameworks Optimize…","Degree in a quantitative field (Mathematics, Physics, Computer Science, Engineering, Economics, or similar) | 3+ years of experience in quantitative trading or monetization research, preferably in equities | Strong experience with back testing frameworks, large datasets, and systematic performance evaluation | Deep understanding of market microstructure, transaction costs, and scalability constraints | Strong programming skills (Python/C++ strongly preferred); ability to write clean, research-grade code | Rigorous, detail-oriented mindset with strong statistical intuition | Experience at leading systematic or proprietary trading firms is a strong plus",https://job-boards.eu.greenhouse.io/imc/jobs/4787639101,2026-07-22
Quantitative Trader Intern - Summer 2027,IMC Trading,Internship,Quantitative Trading,No,"$250,000","Chicago, United States","Our 10-week trading internship is your chance to experience life as a trader at IMC through engaging and challenging training and project work. Throughout the summer, you will receive comprehensive support from dedicated trainers and a mentor to guide you in your work and professional development. We provide a highly competitive compensation package with accommodations included. The bar for talent at IMC is high and interns who meet our performance expectations will have the opportunity to secure a full-time Graduate Trader position at the end of the program. Where you go from here is up to you! Participate in classroom-based training covering options theory, core principles of financial markets and trading simulations Team up with traders and technologists to work on real projects that have potential to impact our business Develop skills throughout the summer with support and feedback…","Current university student graduating between September 2027 and July 2028 that is pursuing a degree in a quantitative field of study (e.g. Mathematics, Physics, Computer Science, or Economics) | Strong analytical skills | Desire to learn and solve complex problems | Thrives and is able to make decisions in a fast-paced environment | Not afraid to ask questions, take responsibility and learn from experience | A team player with a proactive mindset | Interest in Financial Markets; previous knowledge is NOT required | Experience in a programming language is a plus (e.g. Python, Matlab or R) | Must be able to start the internship on June 7, 2027 | You may submit one application per role each year. We strongly encourage you to focus on applying to a single role that best matches your skills and interests. Though you may apply to multiple roles, please note that each application will be…",https://job-boards.eu.greenhouse.io/imc/jobs/4823923101,2026-07-22
Quant Researcher - Digital Assets,IMC Trading,Full-Time,Quantitative Research,No,,"Zug, Switzerland","IMC has a strong presence in traditional Finance and has been expanding into Crypto over the last years. Through its overseas affiliates, IMC provides liquidity and trades on many cryptocurrency exchanges and DeFi protocols. IMC Zug is currently looking to expand its Research team, which builds the algorithms that support IMC's trading activities. You can expect a dynamic, fast-paced environment that delivers a steady stream of challenges and opportunities, with one of the most exciting aspects of the job being our quick feedback loop in the research, development and deployment of strategies. Research within a team of highly experienced Researchers in the low latency, PnL-focused trading space. Work with a cutting-edge data and software stack. Work with our high performance computing platform. Extensive flexibility in exploring PnL-generating opportunities within your research area","at least 1 year of experience in researching and developing fully-automated low latency crypto trading strategies. Candidates without experience in fully-automated trading strategies shall not be considered for this role. | Background in Statistics, Mathematics, Physics, Computer Science or a related technical field. | Team player. | Strong development skills in Python. Familiarity with C++ is a plus. | Outstanding analytical skills with the ability to learn quickly.",https://job-boards.eu.greenhouse.io/imc/jobs/4637523101,2026-07-22
Software Engineer – AI Powered Engineering,IMC Trading,Full-Time,Quantitative Development,No,"$180,000","Chicago, United States","IMC is embedding agentic AI directly into the developer workflow for our production-critical systems. As a member of the Agentic AI engineering team, you’ll help build agents, MCP servers, and evaluation loops that make AI-generated code reliable, auditable, and fast to ship. You’ll work closely with experienced engineers and platform teams to deliver pragmatic, high-impact AI integrations at scale.","BS+ in Computer Science (or related) with strong fundamentals (algorithms, data structures, systems) | Proficiency in a high-level programming language (Java or Python preferred) | Experience contributing to developer-facing or production systems | Curiosity and eagerness to learn about AI/LLM application patterns, even if you haven’t worked closely with them yet | Strong communication skills; comfortable working with engineers in a fast, collaborative environment",https://job-boards.eu.greenhouse.io/imc/jobs/4682071101,2026-07-22
"Software Engineer, Early Career",IMC Trading,Full-Time,Quantitative Development,No,"$200,000","Chicago, United States","Having the best technology drives our business. As a Software Engineer at IMC, you will drive the development of our cutting-edge trading algorithms. You will be responsible for spotting new opportunities, solving problems and developing innovative technologies. Software development here is innovative, pragmatic and fun, even as complexity grows. Build and maintain our trading platform and software stack Bring our trading strategies and technology platform to the next level Collaborate with Traders, Quant Researchers and other Engineers both locally and globally Develop expertise within the entire software development lifecycle Learn new technologies and programming languages in a dynamic environment","1-3 years of full-time professional work experience post-graduation | BA/BSc/MA/MSc in Engineering, Computer Science or related degree | Must have strong knowledge of algorithms and data structures | Proficiency in a programming language is required (Java or C++ preferred) | Strong analytical skills and interest in solving complex problems programmatically | Desire to interact and work closely with non-engineers in a dynamic environment | Interest in the financial markets; previous knowledge is NOT required | The Base Salary range for the role is included below. Base salary is only one component of total compensation; all full-time, permanent positions are eligible for a discretionary bonus and benefits, including paid leave and insurance. Please visit Benefits - US | IMC Trading for more comprehensive information.",https://job-boards.eu.greenhouse.io/imc/jobs/4577504101,2026-07-22
Software Engineer Intern - Summer 2027,IMC Trading,Internship,Quantitative Development,No,"$200,000","Chicago, United States","Our 10-week internship is your chance to experience life as a Software Engineer at IMC. You’ll have the support you need to succeed: educational trainings and a mentor who will oversee your work and professional development. We provide a highly competitive compensation package with accommodations included. The bar for talent at IMC is high and interns who meet our performance expectations will have the opportunity to secure a graduate position at the end of the program. Where you go from here is up to you! Work on meaningful and challenging projects that have the potential to impact our business Participate in classroom-based training covering an overview of financial markets, IMC technology and coding fundamentals Build valuable connections with traders and technologists in an environment that rewards problem solving, innovation and teamwork Engage in professional development sessions…","Current university student graduating between September 2027 - July 2028 that is pursuing a Computer Science, Engineering, or a related technology degree | Strong knowledge of algorithms and data structures is required | Must have proficient experience in a programming language (Java or C++ preferred) | Strong analytical skills and interest in solving complex problems programmatically | Desire to collaborate with technical and non-technical teammates in a dynamic environment | Interest in the Financial Markets; previous knowledge is NOT required | Must be able to start internship on June 7, 2027 | You may submit one application per role each year. We strongly encourage you to focus on applying to a single role that best matches your skills and interests. Though you may apply to multiple roles, please note that each application will be evaluated based on the specific criteria established…",https://job-boards.eu.greenhouse.io/imc/jobs/4823924101,2026-07-22
Software Engineer - Machine Learning Frameworks,IMC Trading,Full-Time,Quantitative Development,No,,"Sydney,  Australia","The Machine Learning Frameworks team exists for two reasons: making the research iteration loop as fast and frictionless as possible, and making production run as fast as the hardware allows. Both matter, and figuring out how to do both at once is most of what makes the work fun. Concretely, we build optimisers, code generators, runtime libraries, and the orchestration layer that runs computation across heterogeneous hardware. The stack spans C++, Rust, Python, MLIR, and CUDA. You don't need to know all of these things but should be excited about working in this space. The work is broad. Some of it is high-level, looking at the whole compute pipeline, orchestrating the system and creating a cohesive product. Some of it is in the details, getting into hardware behaviour, dissecting compute graphs, squeezing the last bit of performance out of the hot path. Our job is managing the whole…","You can move between languages without it slowing you down. The right tool matters more to you than your favourite one | You like understanding what a language compiles down to and how it runs on hardware. | You're comfortable being handed an unfamiliar part of the stack and working it out. | You like working with stakeholders across the business and you’re good at figuring out what someone actually needs, not just what they asked for",https://job-boards.eu.greenhouse.io/imc/jobs/4930380101,2026-07-22
Software Engineer - Risk Technology,IMC Trading,Full-Time,Quantitative Development,No,"$175,000","Chicago, United States","We are seeking a Software Engineer to help build the technology and analytical frameworks used to understand, measure, and optimize risk across the firm's trading businesses. Working directly with Risk Managers and software engineers globally, you will develop systems that help the firm analyze exposures, scenarios, capital, liquidity, and other risk factors across all asset classes. You will have significant autonomy to improve existing platforms, build new tools, and pursue opportunities that make the risk organization more effective. This role is ideal for someone who enjoys combining software engineering, data science, and financial markets to solve complex, high-impact problems. Design and build analytical tools that help Risk Managers understand portfolio exposures, stress scenarios, capital usage, and emerging risks Build high-end dashboards and visualization tools for…","3–5+ years of professional software engineering experience | Strong development skills in Java and/or Python | Experience building and supporting production systems | Interest in financial markets, risk management, data science, and quantitative analysis | Strong analytical and problem-solving skills | Self-starter with a high degree of ownership and initiative",https://job-boards.eu.greenhouse.io/imc/jobs/4908708101,2026-07-22
Software Engineer - Strategy,IMC Trading,Full-Time,Quantitative Development,No,,"Hong Kong, Hong Kong","Strategy engineering exists to make sure our traders and researchers have all the tools they need to run and analyse their trading at scale. We tackle both ends of scaling - we help traders maximise how many strategies they can trade, and help them analyse specific moments to find new opportunities. Our team sits close to the people who use what we build, with short iteration loops, fast feedback, and a lot of conversation. The work is broad. We build tools that help traders orchestrate strategies across our full product range. We build infrastructure that makes large amounts of data quickly explorable. We model risk, analyse trades, and figure out where new opportunities might be. Our toolkit is just as broad. Python, Java, React, SQL, any tool that solves the issue at hand.","You're energised by problems where the brief doesn't exist yet. Working out what to build is as much the job as building it | You can move between languages without it slowing you down. The right tool matters more to you than your favourite one | You like working with stakeholders across the business and you're good at figuring out what someone actually needs, not just what they asked for | You can pivot. You enjoy trying out new ideas quickly and scaling them once they’ve proven value - or throwing them out if they didn’t work | What you don't needA finance background. Experience in any particular language. A specific set of years in any particular role. We hire engineers who like to solve the problems our traders face - we'll teach you the context on the ground.",https://job-boards.eu.greenhouse.io/imc/jobs/4931814101,2026-07-22
Talent Sourcer – Machine Learning & Quantitative Research,IMC Trading,Full-Time,Quantitative Research,No,"$100,000","Chicago, United States","As an ML and Quantitative Research Sourcer, you will be focused on identifying and engaging experienced talent across Machine Learning and Quantitative Research, mapping competitive talent landscapes, building relationships with high-caliber technical professionals, and developing creative sourcing strategies that strengthen IMC’s presence within the broader ML and quantitative communities. You will partner closely with recruiters and hiring managers to deliver strong pipelines of experienced candidates, assess talent against our technical and cultural standards, and provide market insights that inform hiring strategy. Partner with recruiters and hiring managers to understand hiring needs across Machine Learning and Quantitative Research functions Develop and execute creative sourcing strategies to identify and engage experienced talent Build and maintain strong pipelines of passive…","Bachelor's Degree; 4–7 years of sourcing experience focused on technical hiring, ideally within Machine Learning, Quantitative Research, or related technical domains | Strong understanding of ML, AI, quantitative research, and broader technical talent landscapes | Demonstrated success building relationships with and engaging experienced technical talent in competitive markets | Experience identifying and engaging talent through channels such as GitHub, Kaggle, Hugging Face, LinkedIn Recruiter, research publications, and other technical communities | Proven ability to develop and execute sourcing strategies using data, feedback, and market insights | Collaborative approach with experience partnering closely with recruiters and hiring managers in fast-paced environments | Strong communication, organizational, and stakeholder management skills, with the ability to manage multiple searches…",https://job-boards.eu.greenhouse.io/imc/jobs/4885477101,2026-07-22
Trading Strategy Software Engineer,IMC Trading,Full-Time,Quantitative Development,No,,"London, United Kingdom","At IMC, technology is at the core of everything we do. Our innovative in-house software drives millions of trading decisions daily, allowing us to outperform the competition through faster, more effective decision-making. Based in London & Amsterdam, IMC's Trading Strategy Software Engineers deliver a wide variety of applications, systems and tools, including trading algorithm implementations, options pricing, volatility calculations, simulation frameworks, and data analysis & visualization tools for traders. You will work together with traders, researchers, quants, and fellow engineers. You will take ownership of the end-to-end product development process for deliver high-impact projects -from requirements gathering to production deployment. Your goal is to deliver high-performance, reliable software using frequent iterations to get quick feedback and shorten our time-to-market. Key…","At least 3 years of experience as a Software Engineer with excellent programming abilities; | Solid understanding of computer science fundamentals, including algorithms, complexity analysis, data structures, memory models, and concurrency models; | Strong quantitative and analytical skills and a keen interest in applying them to the Trading field; | Prior experience having worked in related industries (ideally within financial services) | Ability to work independently, analyze business requirements, communicate with stakeholders, take full ownership of the solutions you build and deliver; | Highly adaptable and able to thrive in uncertain, rapidly evolving environments; | Master’s or PhD degree (or equivalent experience) in Computer Science or a related field; | Experience with JVM-based languages (Java, Kotlin) or Python; | Advanced math and quantitative skills are a plus; | Experience…",https://job-boards.eu.greenhouse.io/imc/jobs/4742842101,2026-07-22
Trading Strategy Software Engineer,IMC Trading,Full-Time,Quantitative Development,No,,"Amsterdam, Netherlands","At IMC, technology is at the core of everything we do. Our innovative in-house software drives millions of trading decisions daily, allowing us to outperform the competition through faster, more effective decision-making. Based in Amsterdam, IMC's Trading Strategy Software Engineers deliver a wide variety of applications, systems and tools, including trading algorithm implementations, options pricing, volatility calculations, simulation frameworks, and data analysis & visualization tools for traders. You will work together with traders, researchers, quants, and fellow engineers. You will take ownership of the end-to-end product development process for deliver high-impact projects -from requirements gathering to production deployment. Your goal is to deliver high-performance, reliable software using frequent iterations to get quick feedback and shorten our time-to-market. Key…","At least 3 years of experience as a Software Engineer with excellent programming abilities; | Solid understanding of computer science fundamentals, including algorithms, complexity analysis, data structures, memory models, and concurrency models; | Strong quantitative and analytical skills and a keen interest in applying them to the Trading field; | Prior experience having worked in trading or related industries (HFT, MFT, exchanges, hedge funds etc) | Ability to work independently, analyze business requirements, communicate with stakeholders, take full ownership of the solutions you build and deliver; | Highly adaptable and able to thrive in uncertain, rapidly evolving environments; | Master’s or PhD degree (or equivalent experience) in Computer Science or a related field; | Experience with JVM-based languages (Java, Kotlin) or Python; | Advanced math and quantitative skills are a…",https://job-boards.eu.greenhouse.io/imc/jobs/4628622101,2026-07-22
Experienced Quantitative Researcher,Flow Traders,Full-Time,Quantitative Research,No,,Hong Kong,"Flow Traders is looking for a Quantitative Researcher to join our growing trading team in Hong Kong. This is a unique opportunity to join a leading proprietary trading firm, working alongside some of the brightest minds in the industry. A successful candidate is curious and seeks to provide their quantitative expertise to our trading desks. The ideal candidate must be an expert in mathematics and statistics, have an affinity for numbers and have strong programming experience. You should have an innate desire to generate and backtest new trading ideas, with generation of alpha and automated strategies as ultimate output goals. If you have the passion to solve and code mathematical problems, while having a direct impact on the business, then this opportunity is for you.","Minimum 3 years of work experience within the industry with prior experience working on mid to high frequency trading strategies | Bachelor’s degree or higher in Econometrics, Mathematics, Physics, Statistics, Computer Science or other relevant STEM fields | Python programming knowledge is a must, experience with other scientific programming language (e.g. MATLAB, C++, JAVA, R or similar) is beneficial | Strong analytical skills to easily manipulate large datasets | Ability to reason logically, deliver under pressure and take ownership | Competitive attitude, eager to learn, proactive and able to work in a team | Excellent communication skills to be able to communicate complex problems in an efficient manner | Flow Traders does not accept unsolicited resumes from any professional staffing or search firms. All resumes, and any other information identifying potential candidates, submitted…",https://job-boards.greenhouse.io/flowtraders/jobs/4003450,2026-07-22
Graduate Quant Trader,Flow Traders,Full-Time,Quantitative Trading,No,,Hong Kong,"Flow Traders is looking for a Graduate Quant Trader to join our Equity Delta One desk in Hong Kong. You'll design and execute mid-frequency (minutes to hours) and relative value strategies across exchange-traded equity products in Asia, directly impacting desk P&L. This is a market-facing role with opportunities to expand into cross-asset strategies and collaborate with technology teams on cutting-edge trading infrastructure.","Bachelor's/Master's in Finance, Mathematics, Engineering, Computer Science, Physics, or related STEM field | Strong knowledge of probability and statistics | Ability to translate trading intuition into structured strategy deployment plans | Strong programming skills in Python or C++ (NumPy, pandas, statistical packages) | Strong work ethic and ability to perform under pressure | Analytical, detail-oriented, and comfortable in fast-paced, systematic environments | Flow Traders does not accept unsolicited resumes from any professional staffing or search firms. All resumes, and any other information identifying potential candidates, submitted to any employee at Flow Traders via-email, the Internet or directly without a valid and signed search agreement will be deemed free to contact by Flow Traders without any restrictions and no placement fee of any kind will be paid in the event the…",https://job-boards.greenhouse.io/flowtraders/jobs/7760610,2026-07-22
Junior Quantitative Researcher,Flow Traders,Full-Time,Quantitative Research,No,,Amsterdam,"Flow Traders is looking for a Junior Quantitative Researcher to join the quantitative trading team at our Amsterdam office. This is a unique opportunity to join a leading proprietary trading firm, working alongside some of the brightest minds in the industry. As a firm, we are committed to leveraging advances in computer science, statistics, and machine learning to generate value in the financial markets. A successful Quantitative Researcher is an expert in mathematics and statistics, passionate about translating challenging quantitative problems into equations and models, and skilled at optimizing them using cutting-edge computational techniques. If you're at the top of your quantitative, modeling, and coding game, and excited to test these skills in competitive live markets, this opportunity is for you.","A PhD degree in Mathematics, Physics, Computer Science or a related quantitative field. | Strong statistical and linear algebra knowledge. | Proficiency in implementing models and algorithms in programming languages such as Python or C++. | Experience in Deep Learning is a plus. | Strong analytical and problem-solving skills, with the ability to work independently on open-ended, ambiguous problems. | Ownership and entrepreneurship.",https://job-boards.greenhouse.io/flowtraders/jobs/6492219,2026-07-22
Quantitative Trading Intern Summer 2027,Flow Traders,Internship,Quantitative Trading,No,"$150,000",New York,"Flow Traders is looking for entrepreneurial, competitive, and analytical students to join our New York Trading team as a Trading Intern for Summer 2027. Spend your summer experiencing what it’s like to be a Trader in the financial capital of the world!The trading internship will take place over nine weeks in our New York office, beginning in early June through early August. During the program, you will have the opportunity to explore your interest in trading, while being fully immersed in the excitement on our Trading floor. As an intern, you will get a 360-degree view of Flow Traders’ role in the financial markets, how our Traders seize arbitrage opportunities, and how they work together as a team to optimize and improve their desk. Together with your intern class, you will solve problems, participate in trading simulations, and work on trading projects with our traders.No prior…","Candidate for a Bachelor’s degree studying in the United States with a major in Finance, Science, Technology, Engineering, Mathematics, Statistics, Computer Science, Economics or related | Class of 2028, preferred | Demonstrable interest in trading and global financial markets | Excellent mental math, quantitative and analytical skills | Proficiency in Excel and an affinity for scientific programming or development languages | Ability to think on your feet, reason logically and deliver under pressure | Innovative and creative with an entrepreneurial and competitive mindset | Attracted to a fast-paced, team-oriented work environment that offers great challenges and rewards | Please note that the final round interview for this position will be in a superday format. You will also be required to report in-person for this position at our New York office. Flow Traders will assist with housing…",https://job-boards.greenhouse.io/flowtraders/jobs/8047166,2026-07-22
"Senior Software Engineer, C++",Flow Traders,Full-Time,Quantitative Development,No,,London,"Flow Traders is looking for Senior C++ Software Engineers to join our growing team in Amsterdam. Software Engineers at Flow Traders provide us with our competitive edge, equipping Researchers and Traders with the information and capabilities that they need to make sound business decisions. C++ plays a critical role in our event-driven trading systems, which are designed to reliably handle vast amounts of data at ultra-low latencies. As a C++ Engineer, you will build systems used to analyze and trade tens of thousands of products across hundreds of global trading venues every day. Working closely with Technologists, Quantitative Researchers, and Traders, you’ll guide the development of our in-house trading technology and optimize it to achieve market-leading performance and reliability. Our proprietary trading platform includes everything from venue connectivity (feed handlers and…","BSc, MSc, or PhD in Computer Science, Mathematics or equivalent | 5+ years post-graduation professional C++ software development experience (proprietary trading industry preferred) | Ability to write clean, reliable, and highly scalable code | Good knowledge of algorithms and data structures | Experience in parallel, asynchronous, and multithreaded programming | Interest in achieving maximum performance from available hardware and software | Ability to communicate with technical and non-technical business colleagues",https://job-boards.greenhouse.io/flowtraders/jobs/8027844,2026-07-22
"Senior Software Engineer, C++",Flow Traders,Full-Time,Quantitative Development,No,,Hong Kong,"Flow Traders is looking for Senior C++ Software Engineers to join our growing team in Hong Kong. Software Engineers at Flow Traders provide us with our competitive edge, equipping Researchers and Traders with the information and capabilities that they need to make sound business decisions. C++ plays a critical role in our event-driven trading systems, which are designed to reliably handle vast amounts of data at ultra-low latencies. As a C++ Engineer, you will build systems used to analyze and trade tens of thousands of products across hundreds of global trading venues every day. Working closely with Technologists, Quantitative Researchers, and Traders, you’ll guide the development of our in-house trading technology and optimize it to achieve market-leading performance and reliability. Our proprietary trading platform includes everything from venue connectivity (feed handlers and…","BSc, MSc, or PhD in Computer Science, Mathematics or equivalent | 5+ years post-graduation professional C++ software development experience (proprietary trading industry preferred) | Ability to write clean, reliable, and highly scalable code | Good knowledge of algorithms and data structures | Experience in parallel, asynchronous, and multithreaded programming | Interest in achieving maximum performance from available hardware and software | Ability to communicate with technical and non-technical business colleagues | Flow Traders does not accept unsolicited resumes from any professional staffing or search firms. All resumes, and any other information identifying potential candidates, submitted to any employee at Flow Traders via email, the Internet or directly without a valid and signed search agreement will be deemed free to contact by Flow Traders without any restrictions and no…",https://job-boards.greenhouse.io/flowtraders/jobs/6993714,2026-07-22
"Senior Software Engineer, C++",Flow Traders,Full-Time,Quantitative Development,No,,Amsterdam,"Flow Traders is looking for a Senior C++ Software Engineer to lead the next-generation architecture of the market data and execution platforms that power our fully systematic trading. We don't treat market data as plumbing - for us it's a source of alpha, where feed handling, order book construction, and a deep understanding of exchange microstructure are themselves a competitive edge. We're looking for a senior individual contributor who has lived this philosophy in a proprietary or systematic trading environment and can squeeze every nanosecond out of the path from wire to strategy. As a senior individual contributor, you'll help set the technical direction for the Core Platform that underpins quantitative research, pricing, strategy development, and execution across hundreds of venues - and drive its global rollout across our Market Data, Quant Research, Pricing, and Strategies…","BSc, MSc, or PhD in Computer Science, Mathematics, or a related field. | 7+ years of post‑graduation professional C++ software development experience. | Experience building low‑latency market data ingestion, order execution, and algorithmic trading systems (proprietary trading industry preferred). | Strong knowledge of algorithms and data structures. | Experience in parallel, asynchronous, and multithreaded programming. | Demonstrated ability to write clean, reliable, and highly scalable C++ code. | Interest in extracting maximum performance from available hardware and software (CPU caches, memory layout, networking, etc.). | Ability to communicate effectively with both technical and non‑technical colleagues. | Flow Traders does not accept unsolicited resumes from any professional staffing or search firms. All resumes, and any other information identifying potential candidates,…",https://job-boards.greenhouse.io/flowtraders/jobs/7992594,2026-07-22
"Senior Software Engineer, C++",Flow Traders,Full-Time,Quantitative Development,No,,Amsterdam,"Flow Traders is looking for Senior C++ Software Engineers to join our growing team in Amsterdam. Software Engineers at Flow Traders provide us with our competitive edge, equipping Researchers and Traders with the information and capabilities that they need to make sound business decisions. C++ plays a critical role in our event-driven trading systems, which are designed to reliably handle vast amounts of data at ultra-low latencies. As a C++ Engineer, you will build systems used to analyze and trade tens of thousands of products across hundreds of global trading venues every day. Working closely with Technologists, Quantitative Researchers, and Traders, you’ll guide the development of our in-house trading technology and optimize it to achieve market-leading performance and reliability. Our proprietary trading platform includes everything from venue connectivity (feed handlers and…","BSc, MSc, or PhD in Computer Science, Mathematics or equivalent | 5+ years post-graduation professional C++ software development experience (proprietary trading industry preferred) | Ability to write clean, reliable, and highly scalable code | Good knowledge of algorithms and data structures | Experience in parallel, asynchronous, and multithreaded programming | Interest in achieving maximum performance from available hardware and software | Ability to communicate with technical and non-technical business colleagues",https://job-boards.greenhouse.io/flowtraders/jobs/8025933,2026-07-22
"Senior Software Engineer, C++",Flow Traders,Full-Time,Quantitative Development,No,,London,"Flow Traders is looking for a Senior C++ Software Engineer to lead the next-generation architecture of the market data and execution platforms that power our fully systematic trading. We don't treat market data as plumbing - for us it's a source of alpha, where feed handling, order book construction, and a deep understanding of exchange microstructure are themselves a competitive edge. We're looking for a senior individual contributor who has lived this philosophy in a proprietary or systematic trading environment and can squeeze every nanosecond out of the path from wire to strategy. As a senior individual contributor, you'll help set the technical direction for the Core Platform that underpins quantitative research, pricing, strategy development, and execution across hundreds of venues - and drive its global rollout across our Market Data, Quant Research, Pricing, and Strategies…","BSc, MSc, or PhD in Computer Science, Mathematics, or a related field. | 7+ years of post‑graduation professional C++ software development experience. | Experience building low‑latency market data ingestion, order execution, and algorithmic trading systems (proprietary trading industry preferred). | Strong knowledge of algorithms and data structures. | Experience in parallel, asynchronous, and multithreaded programming. | Demonstrated ability to write clean, reliable, and highly scalable C++ code. | Interest in extracting maximum performance from available hardware and software (CPU caches, memory layout, networking, etc.). | Ability to communicate effectively with both technical and non‑technical colleagues. | Flow Traders does not accept unsolicited resumes from any professional staffing or search firms. All resumes, and any other information identifying potential candidates,…",https://job-boards.greenhouse.io/flowtraders/jobs/8027843,2026-07-22
"Senior Software Engineer, C++",Flow Traders,Full-Time,Quantitative Development,No,"$185,000",New York,"Flow Traders is looking for Senior C++ Software Engineers to join our growing team in Amsterdam. Software Engineers at Flow Traders provide us with our competitive edge, equipping Researchers and Traders with the information and capabilities that they need to make sound business decisions. C++ plays a critical role in our event-driven trading systems, which are designed to reliably handle vast amounts of data at ultra-low latencies. As a C++ Engineer, you will build systems used to analyze and trade tens of thousands of products across hundreds of global trading venues every day. Working closely with Technologists, Quantitative Researchers, and Traders, you’ll guide the development of our in-house trading technology and optimize it to achieve market-leading performance and reliability. Our proprietary trading platform includes everything from venue connectivity (feed handlers and…","BSc, MSc, or PhD in Computer Science, Mathematics or equivalent | 5+ years post-graduation professional C++ software development experience (proprietary trading industry preferred) | Ability to write clean, reliable, and highly scalable code | Good knowledge of algorithms and data structures | Experience in parallel, asynchronous, and multithreaded programming | Interest in achieving maximum performance from available hardware and software | Ability to communicate with technical and non-technical business colleagues | At Flow Traders, we acknowledge the importance of open and transparent communication whether it be with our employees, our stakeholders, or our local and global communities. When it comes to salary, Flow Traders uses reliable market research to create base ranges. Where candidates will fall within the range depends on a few different factors including but not limited to…",https://job-boards.greenhouse.io/flowtraders/jobs/8027268,2026-07-22
"Senior Software Engineer, C++",Flow Traders,Full-Time,Quantitative Development,No,"$185,000",Chicago,"Flow Traders is looking for Senior C++ Software Engineers to join our growing team in Amsterdam. Software Engineers at Flow Traders provide us with our competitive edge, equipping Researchers and Traders with the information and capabilities that they need to make sound business decisions. C++ plays a critical role in our event-driven trading systems, which are designed to reliably handle vast amounts of data at ultra-low latencies. As a C++ Engineer, you will build systems used to analyze and trade tens of thousands of products across hundreds of global trading venues every day. Working closely with Technologists, Quantitative Researchers, and Traders, you’ll guide the development of our in-house trading technology and optimize it to achieve market-leading performance and reliability. Our proprietary trading platform includes everything from venue connectivity (feed handlers and…","BSc, MSc, or PhD in Computer Science, Mathematics or equivalent | 5+ years post-graduation professional C++ software development experience (proprietary trading industry preferred) | Ability to write clean, reliable, and highly scalable code | Good knowledge of algorithms and data structures | Experience in parallel, asynchronous, and multithreaded programming | Interest in achieving maximum performance from available hardware and software | Ability to communicate with technical and non-technical business colleagues | At Flow Traders, we acknowledge the importance of open and transparent communication whether it be with our employees, our stakeholders, or our local and global communities. When it comes to salary, Flow Traders uses reliable market research to create base ranges. Where candidates will fall within the range depends on a few different factors including but not limited to…",https://job-boards.greenhouse.io/flowtraders/jobs/8052796,2026-07-22
"Senior Software Engineer, C++ (Market Data)",Flow Traders,Full-Time,Quantitative Development,No,"$225,000",Chicago,"Flow Traders is looking for a Senior C++ Software Engineer to lead the next-generation architecture of the market data and execution platforms that power our fully systematic trading. We don't treat market data as plumbing - for us it's a source of alpha, where feed handling, order book construction, and a deep understanding of exchange microstructure are themselves a competitive edge. We're looking for a senior individual contributor who has lived this philosophy in a proprietary or systematic trading environment and can squeeze every nanosecond out of the path from wire to strategy. As a senior individual contributor, you'll help set the technical direction for the Core Platform that underpins quantitative research, pricing, strategy development, and execution across hundreds of venues - and drive its global rollout across our Market Data, Quant Research, Pricing, and Strategies…","BSc, MSc, or PhD in Computer Science, Mathematics, or a related field. | 7+ years of post‑graduation professional C++ software development experience. | Experience building low‑latency market data ingestion, order execution, and algorithmic trading systems (proprietary trading industry preferred). | Strong knowledge of algorithms and data structures. | Experience in parallel, asynchronous, and multithreaded programming. | Demonstrated ability to write clean, reliable, and highly scalable C++ code. | Interest in extracting maximum performance from available hardware and software (CPU caches, memory layout, networking, etc.). | Ability to communicate effectively with both technical and non‑technical colleagues. | At Flow Traders, we acknowledge the importance of open and transparent communication whether it be with our employees, our stakeholders, or our local and global communities. When…",https://job-boards.greenhouse.io/flowtraders/jobs/8052794,2026-07-22
"Senior Software Engineer, C++ (Market Data)",Flow Traders,Full-Time,Quantitative Development,No,"$225,000",New York,"Flow Traders is looking for a Senior C++ Software Engineer to lead the next-generation architecture of the market data and execution platforms that power our fully systematic trading. We don't treat market data as plumbing - for us it's a source of alpha, where feed handling, order book construction, and a deep understanding of exchange microstructure are themselves a competitive edge. We're looking for a senior individual contributor who has lived this philosophy in a proprietary or systematic trading environment and can squeeze every nanosecond out of the path from wire to strategy. As a senior individual contributor, you'll help set the technical direction for the Core Platform that underpins quantitative research, pricing, strategy development, and execution across hundreds of venues - and drive its global rollout across our Market Data, Quant Research, Pricing, and Strategies…","BSc, MSc, or PhD in Computer Science, Mathematics, or a related field. | 7+ years of post‑graduation professional C++ software development experience. | Experience building low‑latency market data ingestion, order execution, and algorithmic trading systems (proprietary trading industry preferred). | Strong knowledge of algorithms and data structures. | Experience in parallel, asynchronous, and multithreaded programming. | Demonstrated ability to write clean, reliable, and highly scalable C++ code. | Interest in extracting maximum performance from available hardware and software (CPU caches, memory layout, networking, etc.). | Ability to communicate effectively with both technical and non‑technical colleagues. | At Flow Traders, we acknowledge the importance of open and transparent communication whether it be with our employees, our stakeholders, or our local and global communities. When…",https://job-boards.greenhouse.io/flowtraders/jobs/8027267,2026-07-22
Trading Intern,Flow Traders,Internship,Quantitative Trading,No,,Hong Kong,"Flow Traders is looking for entrepreneurial, competitive, and analytical students to join our Trading department as an Intern. What better way to find out if a career in Trading is something for you, than by experiencing it yourself as a Trading Intern! You will get a 360-degree view of our role in the financial markets, how our Traders seize opportunities, and how they work together as a team to optimize and improve their trading desk. This Trading internship is about immersing yourself in the financial markets and experiencing trading up close. You do not need to have a financial background; we will teach you all you need to know. Experience with a scientific programming language or excel is a definite advantage. Working closely with Traders and Quantitative Researchers, you will add value by working on real trading projects. You will solve problems, create new tools and/or design new…","Graduating between August 2026 and December 2027 with a Degree in Finance, Science, Technology, Engineering, Mathematics, Statistics, Economics, or related disciplines from a university in APAC | Experience with a scientific programming language (e.g. Python / MATLAB / R or similar) | Competitive, innovative & creative personality with excellent mental arithmetic skills | Capability to reason logically and deliver under pressure | Ability to spot opportunities and the assertiveness to seize them | If you do not receive a confirmation email after you applied on our website, please contact careers.hongkong@hk.flowtraders.com. | Flow Traders does not accept unsolicited resumes from any professional staffing or search firms. All resumes, and any other information identifying potential candidates, submitted to any employee at Flow Traders via-email, the Internet or directly without a valid…",https://job-boards.greenhouse.io/flowtraders/jobs/7100637,2026-07-22
2026 BSc/MSc/PhD Quantitative Research/Strat Internship,Schonfeld,Internship,Quantitative Research,No,,"São Paulo, Brazil","We are seeking exceptional MSc or PhD candidates to join our Quantitative Research and strat teams in Sao Paulo where they will work with other researchers and developers on various research projects, including the design of novel predictive signals, enhancement of our algorithms for prediction, trade execution, portfolio construction, risk management, product and asset modelling. Interns will have an opportunity to meaningfully contribute to all facets of a successful quantitative trading business; help it grow and diversify.","Current BSc, MSc PhD student in a quantitative or technical field such as statistics, economics, mathematics, physics, electrical engineering, or computer science (ideally with one or two years left in your academic program) | Excellent programming skills in languages such as Python, C, C++, Java, SQL, or R | Strong knowledge of probability and statistics (e.g., machine learning, time-series analysis and forecasting, pattern recognition, NLP, and unstructured data analysis). | The ability to communicate research ideas clearly and succinctly | Creative problem-solving skills and experience working with real-world datasets | Strong attention to detail | Please submit your CV/resume in English",https://job-boards.greenhouse.io/schonfeld/jobs/7950797,2026-07-22
Principal Software Engineer,Schonfeld,Full-Time,Quantitative Development,No,"$250,000","New York, New York, United States","Schonfeld is seeking a highly qualified and talented technologist to join its Reference Data Technology team. The Reference Data Management team at Schonfeld focuses on building and supporting centralized golden source of reference and master data. The key areas supported surround Securities, Financial Calendars and Investment Professional related data domains such as Portfolio’s, Broker Accounts and Books. The team also supports a centralized framework used to standardize how the firm masters and distributes data. These core sources of data support many aspects of the business ranging from Trade Execution, Accounting, Compliance, Treasury, Risk and Operations.","At minimum, seven years of experience in financial services/hedge funds. | At minimum, three years of experience supporting listed and OTC instruments typical in multi-strategy fund. | At minimum, seven years of OO development experience (Java highly preferred) | Expertise with design and architecture (stateful reactive microservices experience preferred) | Practical experience with using generative AI to increase efficiency in the delivery of technology solutions and in building MCP servers, agentic workflows and LLM orchestration. | Experience leading strategic technical initiatives from start to finish and able to discuss the pros and cons of chosen architectural elements. | Experience with relational and in-memory databases (Postgres / SingleStore preferred) | Experience with messaging systems (Kafka preferred) | Excellent communication and advocacy skills, both written and verbal |…",https://job-boards.greenhouse.io/schonfeld/jobs/8010092,2026-07-22
Quantitative Developer,Schonfeld,Full-Time,Quantitative Development,No,,"Hong Kong, Hong Kong","We are seeking a talented and motivated Quantitative Developer to join our dynamic systematic trading team. The ideal candidate will have a strong background in software development, a passion for technology, and a keen interest in the financial industry. You will work closely with our quantitative researchers and fellow engineers to develop and maintain high-performance trading systems and tools.","Master’s degree in Computer Science, Engineering, or a related field. | 5+ years of experience in software development within the financial industry, such as proprietary trading firms, hedge funds, or investment banks. | Proficiency in programming languages such as C++ and Python, with solid experience in database technologies like SQL and KDB. | Strong understanding of algorithms, data structures, and software design principles. | Excellent problem-solving skills, attention to detail, and strong communication and teamwork abilities.",https://job-boards.greenhouse.io/schonfeld/jobs/6772399,2026-07-22
Quantitative Developer - Fundamental Equities,Schonfeld,Full-Time,Quantitative Development,No,,"London, England, United Kingdom","We are looking for a Quantitative Developer to join the Fundamental Equity COO team, embedded directly within the business rather than in a central technology function. You will work alongside quant researchers and COO management to build tools, dashboards, and data pipelines that improve productivity, deepen AI adoption, and make better use of the data the business already has access to. AI integration is a core part of this role, not an afterthought. We are actively building out how LLMs, agentic workflows, and AI-powered tooling fit into the investment process, and this hire is expected to drive a meaningful part of that. You should come in with both hands-on experience and genuine conviction about where these technologies are heading. The role sits close to the investment process. We are looking for someone proactive and delivery-focused: someone who identifies what needs to be…","2–5 years of experience in a relevant role: quantitative development, dev strats, analytics engineering, product management, or quantitative analysis at a bank, hedge fund, asset manager, or financial data provider | Strong Python proficiency; solid SQL and database usage skills (relational and/or time-series) | Demonstrated experience building dashboards and UIs that were actively leveraged by investment teams or professional users in a production environment | Hands-on experience with AI/LLM integration: API usage, prompt engineering, tool use, and retrieval-augmented workflows. You have built things with these, not just read about them | Practical familiarity with MCP servers, agentic frameworks, or multi-model orchestration architectures (custom implementations or equivalent) | Experience with AI-assisted development tools (e.g. Claude Code, Cursor, or similar) as part of a…",https://job-boards.greenhouse.io/schonfeld/jobs/7957690,2026-07-22
Quantitative Research / Developer - Intern,Schonfeld,Internship,Quantitative Research,No,,"Hong Kong, Hong Kong","We are looking for a hands-on STRAT / forward-deployed engineer to embed with our multi strategy business. The candidate will sit on the trading floor, shipping full-stack tools that power research, risk, and execution across strategies such as index rebalance, delta-1 andlong/short equities. The role will be based in our Hong Kong office.",,https://job-boards.greenhouse.io/schonfeld/jobs/7185553,2026-07-22
Quantitative Researcher,Schonfeld,Full-Time,Quantitative Research,No,,"Hong Kong, Hong Kong","We are seeking a talented and motivated Quantitative Researcher to join our dynamic systematic trading team. The ideal candidate will have a strong background in software development, a passion for technology, and a keen interest in the financial industry. You will work closely with our quantitative PMs, developers, and fellow researchers to develop and maintain high-performance trading systems and tools. 1. Engineer predictive features from high-frequency market data and unstructured alternative datasets for machine learning (ML) models. 2. Develop research pipelines on a distributed compute cluster for tree-based models, deep learning, NLP/LLM, and related ML models. 3. Design and prototype ML-driven alphas for cash equities, futures, and other liquid asset classes. 4. Collaborate with researchers and developers to deploy signals into production, and perform iterative improvements…","1. MS or PhD in computer science, statistics, mathematics, or a related quantitative discipline from a top-tier university. 2. Minimum 5 years of alpha-research experience at a leading buy-side firm or global bank. 3. Expertise in tree-based models, deep learning, and NLP/LLM with strong understanding of probability and overfitting-control practices. 4. Proficiency in python (and preferably C++ or similar), coupled with experience on distributed/hybrid compute environments. 5. Excellent analytical, verbal, and written communication skills, with a proactive, ownership-driven mindset suited to the fast-paced trading floor.",https://job-boards.greenhouse.io/schonfeld/jobs/7624691,2026-07-22
Quantitative Researcher - Hong Kong,Schonfeld,Full-Time,Quantitative Research,No,,"Hong Kong, Hong Kong","The Quantitative Researcher will work directly with the portfolio manager, other quant researchers, and developers in a highly collaborative environment gaining exposure to all aspects of the investment process, including signal generation, portfolio construction and trade execution. You will leverage our top-notch research and trading infrastructure to develop and deploy models around alphas, execution, and risk management. The ideal candidate will be intellectually curious, love data and have a mindset of continuous improvement.","3-7 years experience in systematic trading in rates/fixed-income derivatives, bonds or futures from top tier funds or banks. | Demonstrate ability to conduct independent alpha research, portfolio construction, curve building and asset pricing. | Masters or PhD degree in mathematics, computer science, economics or other related discipline. | Experience with managing and running risk is a plus.",https://job-boards.greenhouse.io/schonfeld/jobs/5460823,2026-07-22
Quantitative Trading Associate,Schonfeld,Full-Time,Quantitative Trading,No,,"Hong Kong, Hong Kong","We are seeking a highly motivated individual with strong data or computer science skills to support and enhance our quantitative trading operations. The role combines real-time trading oversight, process automation, and cross-team collaboration, with room to grow into supervisory responsibilities in a regulated environment. Oversee quantitative trading activity during market hours, monitoring strategy performance, execution quality, and key risk or control thresholds. Maintain and enhance monitoring tools, dashboards, alerts, and operational runbooks to support safe, scalable trading operations. Coordinate and lead incident response, trade and position reconciliations, and issue resolution with internal teams and external counterparties. Support portfolio operations (including rebalancing and inventory or constraint management) using data-driven and automated workflows. Develop a strong…","Bachelor’s, Master’s, or PhD degree in Computer Science, Data Science, Engineering, Finance, Economics, or a related quantitative field. | 3+ years of relevant experience in the financial industry. | Strong analytical and problem-solving skills with a data-driven mindset. | Proficiency in Python and familiarity with Linux-based environments. | High attention to detail, strong communication skills, and the ability to operate in a fast-paced environment. | Interest in taking on increasing levels of oversight and supervisory responsibility in a regulated trading environment.",https://job-boards.greenhouse.io/schonfeld/jobs/7517021,2026-07-22
Senior Software Engineer,Schonfeld,Full-Time,Quantitative Development,No,"$175,000","New York, New York, United States","We’re looking for a Senior Software Engineer to join our AI Technology team and play a critical role in building and shaping the firm’s internal Agentic AI platform. This is a high-impact, hands-on engineering position where you’ll contribute not just as an AI software engineer, but also as an AI strategist – helping to evolve our agentic AI platform powering the firm. You’ll work in a dynamic, fast-paced environment where product requirements evolve, and business stakeholders are deeply engaged.","5+ years of professional software engineering experience, preferably in Python | Experience working creating and integrating REST APIs, and event-driven and asynchronous architectures | Experience working with both relational (Postgres, MySQL) and NoSQL databases (DynamoDB, Elastic Search) | Experience with AWS cloud services (S3, OpenSearch, DynamoDB, etc.), Kubernetes-driven deployments, Github Actions, and modern CI/CD pipelines | A passion for AI, creative ideas for how it can be a tool for problem solving and productivity | A thoughtful approach to problem-solving; ability to break down complex issues methodically | Excellent communication skills; Able to translate technical concepts for non-technical stakeholders",https://job-boards.greenhouse.io/schonfeld/jobs/7843962,2026-07-22
Senior Software Engineer,Schonfeld,Full-Time,Quantitative Development,No,"$180,000","New York, New York, United States","The Global Operations Technology team at Schonfeld is tasked with creating a platform that serves as the golden data source for post trade operational data – transaction capture, near real-time positions, start-of-day position, end-of-day position, trades, executions and P&L. The team is responsible for Drop copy and FIX integrations for post trade across our multi-manager multi-strategy platform. Building and managing positions across a wide array of asset classes including listed and OTC products. Building and maintaining all systems related to the fund’s intraday and end of day trade reporting facilities across all investments to our Prime Brokers, Fund Primary and Shadow books of record systems.","At minimum, seven years of experience in financial services, working on applications supporting the trade lifecycle | At minimum, seven years of Java development | Expertise with design and architecture (microservices experience preferred) | Experience leading strategic technical initiatives from start to finish | Experience with relational databases (PostgreSQL preferred) | Experience with building and consuming from REST APIs | Experience with messaging systems (Kafka preferred) | Excellent communication skills, both written and verbal | Experience mentoring junior developers | Strong ownership experience and a track record of delivering results",https://job-boards.greenhouse.io/schonfeld/jobs/7538303,2026-07-22
"Senior Software Engineer - Credit, Risk Technology",Schonfeld,Full-Time,Quantitative Development,No,"$250,000","New York, New York, United States","We are seeking a highly qualified and talented software engineer to join our Risk Technology Infrastructure team. We are responsible for building industry-leading systems to generate, analyze, and report on streaming and historical data to enable quick decision making by our risk team, management team, and global portfolio managers. This role will have a specific focus on supporting the rapid expansion of the Credit strategy within Schonfeld. The ideal candidate has a mindset of creatively applying the best modern technologies to solve business problems. The Senior Software Engineer will be responsible for delivering solutions that build out, modernize, and automate Credit risk management capabilities. Key areas of focus include:Credit Risk Reporting Framework — designing and implementing credit mandate oversight, alpha time series analytics, audit controls, and new reporting…","Expertise with Python and Java development | Expertise with software design and architecture, particularly data-intensive systems | Strong understanding of credit instruments and products (e.g., corporate bonds, structured credit, mortgages, convertibles, credit derivatives) | Experience working in credit risk technology or credit-focused quantitative finance within the financial services industry | Experience with fixed income risk metrics, scenario & stress testing, and portfolio analytics like VaR and Vol | Expertise with relational databases, data storage, data warehousing, and data analysis | Excellent communication skills, both written and verbal, with the ability to translate between business and technology stakeholders",https://job-boards.greenhouse.io/schonfeld/jobs/7858449,2026-07-22
Software Engineer - Business Analytics,Schonfeld,Full-Time,Quantitative Development,No,,"New York, New York, United States","We are seeking a highly qualified embedded Software Engineer to join our Business Analytics team. The Business Analytics team at Schonfeld focuses on analytics, reporting and automation. As a Software Engineer you will work on building key infrastructure to help compute performance related fees for our PMs and other related projects.","Bachelor’s or Master’s in Computer Science, Engineering, Mathematics, or related quantitative field. | 2-5 years of relevant work experience. | Strong programming skills in Python and SQL. | Interest or experience in capital markets or finance. | Strong analytical thinking, attention to detail, and clear communication skills. | Experience with Linux operating systems, Git, and cloud computing platforms.",https://job-boards.greenhouse.io/schonfeld/jobs/7958235,2026-07-22
Software Engineer - Fundamental Equities,Schonfeld,Full-Time,Quantitative Development,No,$150,"New York, New York, United States","We are looking for a Software Engineer to join the Fundamental Equity COO team, embedded directly within the business rather than in a central technology function. You will work alongside quant researchers and COO management to build backend services, data pipelines, and internal APIs that improve productivity, deepen AI adoption, and make better use of the data the business already has access to. AI integration is a core part of this role, not an afterthought. We are actively building out how LLMs, agentic workflows, and AI-powered tooling fit into the investment process, and this hire is expected to drive a meaningful part of that. You should come in with both hands-on experience and genuine conviction about where these technologies are heading. The role sits close to the investment process. We are looking for someone proactive and delivery-focused: someone who identifies what needs…","2–5 years of experience in a relevant role: quantitative development, dev strats, analytics engineering, or quantitative analysis at a bank, hedge fund, asset manager, or financial data provider | Strong Python proficiency with an emphasis on well-structured, object-oriented codebases; solid SQL and database design skills, particularly PostgreSQL | Experience building and deploying backend services and APIs (FastAPI or equivalent) in a production environment | Hands-on experience with AI/LLM integration across multiple model providers: API usage, prompt engineering, tool use, and retrieval-augmented workflows. You have built things with these, not just read about them | Practical familiarity with MCP servers, agentic frameworks, or multi-model orchestration architectures (custom implementations or equivalent) | Experience with AI-assisted development tools (e.g. Claude Code, Cursor, or…",https://job-boards.greenhouse.io/schonfeld/jobs/7957507,2026-07-22
"Software Engineer, UI/UX",Schonfeld,Full-Time,Quantitative Development,No,"$175,000","New York, New York, United States","We’re looking for a UI Engineer to join our team and play a critical role in building and shaping the firm’s internal UI platform. This is a high-impact, hands-on engineering position where you’ll contribute not just as a front-end specialist, but also as a platform strategist – helping to evolve our UI infrastructure powering 100+ business applications across the firm. You’ll work in a dynamic, fast-paced environment where product requirements evolve, and business stakeholders are deeply engaged. Your engineering skills, UX sensibility, and product mindset will all be utilized as you craft industry-leading UI platform and ecosystems.","3-5 years of professional experience in front-end engineering | Expertise in React, TypeScript, HTML, CSS and modern web development toolkits | Experience working with REST APIs, WebSockets, and event-driven architectures | Strong familiarity with common enterprise JavaScript frameworks, such as Redux, Zustand, RxJS, D3, AgGrid or Highcharts | Experience working with both relational (Postgres, MySQL) and NoSQL databases (MongoDB, DynamoDB) | Expertise with low-latency, distributed caches such as Redis or Memcached | Proficiency in writing unit tests and E2E tests utilizing popular frameworks like RTL, Mocha, Jest, Cypress, Playwright | A track record of developing data-intensive, scalable applications with strong usability and performance | A thoughtful approach to problem-solving; Ability to break down complex issues methodically",https://job-boards.greenhouse.io/schonfeld/jobs/7653520,2026-07-22
Systematic Portfolio Strategy and Risk Analyst (NYC or Miami),Schonfeld,Full-Time,Quantitative Finance,No,"$150,000","Miami, Florida, United States; New York, New York, United States","We are seeking an exceptionally talented individual to join our Systematic Strategies Portfolio Strategy and Risk team as an Analyst. The individual will be a key member focused on portfolio analysis, research, and risk management in support of the systematic equities and systematic macro platform. A successful candidate will help discover and leverage insights into risk and alpha drivers of our portfolios. The role will report to the Head of Portfolio Strategy and Risk for Systematic (Quantitative) Strategies.","A minimum of 1 year of experience with quantitative strategies in an investment, research, or risk position | Motivated self-starter with enthusiasm for learning new things in Quantitative Finance | Strong coding skills in Python and databases | Strong mathematical and statistical modeling | Comfort with analysis of large datasets, high-level attention to detail | Strong communication skills and ability to synthesize and communicate findings to drive outcomes",https://job-boards.greenhouse.io/schonfeld/jobs/7402926,2026-07-22
Girls Who Invest - Transforming the Investment Management Industry,Girls Who Invest,Program/Event,Women in Quant Finance,Yes,,,"Girls Who Invest (GWI) is a non-profit organization dedicated to transforming the investment management industry by attracting and advancing women investors, change-makers, and leaders.",,https://www.girlswhoinvest.org/,2026-07-22
Home - 100 Women In Finance,100 Women in Finance,Program/Event,Women in Quant Finance,Yes,,,,,https://100women.org/,2026-07-22
Forté Foundation - Fueling the Future of Business,Forte Foundation,Program/Event,Women in Quant Finance,Yes,,,Forté Foundation is a nonprofit committed to expanding access and opportunity to business education and professional development.,,https://www.fortefoundation.org/,2026-07-22
SEO Global Home,SEO (Sponsors for Educational Opportunity),Program/Event,Women in Quant Finance,Yes,,,"Founded in 1963 during the Civil Rights Movement, SEO closes educational and career opportunity gaps for 7,000+ ambitious young people annually. All are welcome to apply.",,https://www.seo-usa.org/,2026-07-22
Included VC - changing the face of venture capital,Included VC,Program/Event,Women in Quant Finance,Yes,,,Included VC is on a mission to increase diversity in venture capital,,https://www.included.vc/,2026-07-22
